tipo_taxi,mes_archivo,viajes,dias_calendario,dias_con_viajes,viajes_por_dia
green,2026-01-01,40250,31,31,1298.39
green,2026-02-01,37362,28,28,1334.36
green,2026-03-01,44199,31,31,1425.77
green,2026-04-01,44235,30,30,1474.5
green,2026-05-01,44911,31,31,1448.74
green,2026-06-01,44150,30,30,1471.67
green,2026-07-01,41236,31,31,1330.19
green,2026-08-01,40673,31,31,1312.03
yellow,2026-01-01,3724882,31,31,120157.48
yellow,2026-02-01,3399850,28,28,121423.21
yellow,2026-03-01,3952432,31,31,127497.81
yellow,2026-04-01,3831228,30,30,127707.6
yellow,2026-05-01,4090822,31,31,131962.0
yellow,2026-06-01,3837231,30,30,127907.7
yellow,2026-07-01,3530063,31,31,113873.0
yellow,2026-08-01,3336701,31,31,107635.52
