tipo_taxi,dia_semana,dias_calendario,viajes,viajes_por_dia
green,1,35,47912,1368.9142857142858
green,2,34,50794,1493.9411764705883
green,3,34,52679,1549.3823529411766
green,4,35,55659,1590.2571428571428
green,5,35,50671,1447.7428571428572
green,6,35,40764,1164.6857142857143
green,7,35,38537,1101.057142857143
yellow,1,35,3552482,101499.4857142857
yellow,2,34,4066804,119611.88235294117
yellow,3,34,4339210,127623.82352941176
yellow,4,35,4741494,135471.25714285715
yellow,5,35,4509023,128829.22857142857
yellow,6,35,4633114,132374.6857142857
yellow,7,35,3861082,110316.62857142858
