tipo_taxi,variable,orden,intervalo,viajes,porcentaje
green,distancia_millas,1,"(0, 1]",46328,14.313432282462276
green,distancia_millas,2,"(1, 2]",104953,32.426128007711604
green,distancia_millas,3,"(2, 5]",113576,35.090277691955954
green,distancia_millas,4,"(5, 10]",40157,12.406848993413004
green,distancia_millas,5,"(10, 20]",16891,5.21861907880915
green,distancia_millas,6,"(20, 100]",1763,0.5446939456480097
yellow,distancia_millas,1,"(0, 1]",6201646,21.96042118115354
yellow,distancia_millas,2,"(1, 2]",8420162,29.81632681606531
yellow,distancia_millas,3,"(2, 5]",8093288,28.658845284038428
yellow,distancia_millas,4,"(5, 10]",3369353,11.931092324196387
yellow,distancia_millas,5,"(10, 20]",1916945,6.788023628099117
yellow,distancia_millas,6,"(20, 100]",238711,0.8452907664472211
green,duracion_minutos,1,"(0, 5]",24689,7.627877949009479
green,duracion_minutos,2,"(5, 10]",79855,24.671886006648787
green,duracion_minutos,3,"(10, 20]",133097,41.121457790081195
green,duracion_minutos,4,"(20, 40]",64671,19.980659193988902
green,duracion_minutos,5,"(40, 60]",13401,4.140353695762324
green,duracion_minutos,6,"(60, 1440]",7955,2.457765364509312
yellow,duracion_minutos,1,"(0, 5]",2401359,8.50336427573481
yellow,duracion_minutos,2,"(5, 10]",6569197,23.261942545893508
yellow,duracion_minutos,3,"(10, 20]",10683743,37.83181046954323
yellow,duracion_minutos,4,"(20, 40]",6769890,23.972609166998495
yellow,duracion_minutos,5,"(40, 60]",1253940,4.440280940881771
yellow,duracion_minutos,6,"(60, 1440]",561976,1.9899926009481905
green,total_usd,1,"(0, 10]",17410,5.378968572735025
green,total_usd,2,"(10, 20]",137501,42.48211129923255
green,total_usd,3,"(20, 40]",126350,39.03691436904482
green,total_usd,4,"(40, 80]",36453,11.262466477995972
green,total_usd,5,"(80, 150]",5299,1.637171422568805
green,total_usd,6,"(150, +∞)",655,0.20236785842282834
yellow,total_usd,1,"(0, 10]",332044,1.1757888293970578
yellow,total_usd,2,"(10, 20]",9959198,35.26615074554432
yellow,total_usd,3,"(20, 40]",12799762,45.32476773723044
yellow,total_usd,4,"(40, 80]",3844639,13.614110145836923
yellow,total_usd,5,"(80, 150]",1253418,4.438432505828148
yellow,total_usd,6,"(150, +∞)",51044,0.18075003616310917
