tipo_taxi,payment_type,forma_pago,viajes,porcentaje_tipo
green,1,Tarjeta,219903,65.25001780330904
green,2,Efectivo,65902,19.554561207776484
green,3,Sin cargo,1686,0.5002729840719728
green,4,Disputa,750,0.22254136302134023
green,,Sin dato,48775,14.47260664182116
yellow,0,Flex Fare,7716688,25.979307488291923
yellow,1,Tarjeta,18940892,63.76715727920172
yellow,2,Efectivo,2708007,9.116883633684159
yellow,3,Sin cargo,98132,0.33037507832907886
yellow,4,Disputa,239488,0.8062697872139
yellow,5,Desconocido,2,6.733279222457075e-06
