archivo,columna,tipo_parquet,tipo_duckdb,repeticion
data/raw/green/2024/green_tripdata_2024-01.parquet,VendorID,INT32,INTEGER,OPTIONAL
data/raw/green/2024/green_tripdata_2024-01.parquet,lpep_pickup_datetime,INT64,TIMESTAMP,OPTIONAL
data/raw/green/2024/green_tripdata_2024-01.parquet,lpep_dropoff_datetime,INT64,TIMESTAMP,OPTIONAL
data/raw/green/2024/green_tripdata_2024-01.parquet,store_and_fwd_flag,BYTE_ARRAY,VARCHAR,OPTIONAL
data/raw/green/2024/green_tripdata_2024-01.parquet,RatecodeID,INT64,BIGINT,OPTIONAL
data/raw/green/2024/green_tripdata_2024-01.parquet,PULocationID,INT32,INTEGER,OPTIONAL
data/raw/green/2024/green_tripdata_2024-01.parquet,DOLocationID,INT32,INTEGER,OPTIONAL
data/raw/green/2024/green_tripdata_2024-01.parquet,passenger_count,INT64,BIGINT,OPTIONAL
data/raw/green/2024/green_tripdata_2024-01.parquet,trip_distance,DOUBLE,DOUBLE,OPTIONAL
data/raw/green/2024/green_tripdata_2024-01.parquet,fare_amount,DOUBLE,DOUBLE,OPTIONAL
data/raw/green/2024/green_tripdata_2024-01.parquet,extra,DOUBLE,DOUBLE,OPTIONAL
data/raw/green/2024/green_tripdata_2024-01.parquet,mta_tax,DOUBLE,DOUBLE,OPTIONAL
data/raw/green/2024/green_tripdata_2024-01.parquet,tip_amount,DOUBLE,DOUBLE,OPTIONAL
data/raw/green/2024/green_tripdata_2024-01.parquet,tolls_amount,DOUBLE,DOUBLE,OPTIONAL
data/raw/green/2024/green_tripdata_2024-01.parquet,ehail_fee,DOUBLE,DOUBLE,OPTIONAL
data/raw/green/2024/green_tripdata_2024-01.parquet,improvement_surcharge,DOUBLE,DOUBLE,OPTIONAL
data/raw/green/2024/green_tripdata_2024-01.parquet,total_amount,DOUBLE,DOUBLE,OPTIONAL
data/raw/green/2024/green_tripdata_2024-01.parquet,payment_type,INT64,BIGINT,OPTIONAL
data/raw/green/2024/green_tripdata_2024-01.parquet,trip_type,INT64,BIGINT,OPTIONAL
data/raw/green/2024/green_tripdata_2024-01.parquet,congestion_surcharge,DOUBLE,DOUBLE,OPTIONAL
data/raw/green/2024/green_tripdata_2024-02.parquet,VendorID,INT32,INTEGER,OPTIONAL
data/raw/green/2024/green_tripdata_2024-02.parquet,lpep_pickup_datetime,INT64,TIMESTAMP,OPTIONAL
data/raw/green/2024/green_tripdata_2024-02.parquet,lpep_dropoff_datetime,INT64,TIMESTAMP,OPTIONAL
data/raw/green/2024/green_tripdata_2024-02.parquet,store_and_fwd_flag,BYTE_ARRAY,VARCHAR,OPTIONAL
data/raw/green/2024/green_tripdata_2024-02.parquet,RatecodeID,INT64,BIGINT,OPTIONAL
data/raw/green/2024/green_tripdata_2024-02.parquet,PULocationID,INT32,INTEGER,OPTIONAL
data/raw/green/2024/green_tripdata_2024-02.parquet,DOLocationID,INT32,INTEGER,OPTIONAL
data/raw/green/2024/green_tripdata_2024-02.parquet,passenger_count,INT64,BIGINT,OPTIONAL
data/raw/green/2024/green_tripdata_2024-02.parquet,trip_distance,DOUBLE,DOUBLE,OPTIONAL
data/raw/green/2024/green_tripdata_2024-02.parquet,fare_amount,DOUBLE,DOUBLE,OPTIONAL
data/raw/green/2024/green_tripdata_2024-02.parquet,extra,DOUBLE,DOUBLE,OPTIONAL
data/raw/green/2024/green_tripdata_2024-02.parquet,mta_tax,DOUBLE,DOUBLE,OPTIONAL
data/raw/green/2024/green_tripdata_2024-02.parquet,tip_amount,DOUBLE,DOUBLE,OPTIONAL
data/raw/green/2024/green_tripdata_2024-02.parquet,tolls_amount,DOUBLE,DOUBLE,OPTIONAL
data/raw/green/2024/green_tripdata_2024-02.parquet,ehail_fee,DOUBLE,DOUBLE,OPTIONAL
data/raw/green/2024/green_tripdata_2024-02.parquet,improvement_surcharge,DOUBLE,DOUBLE,OPTIONAL
data/raw/green/2024/green_tripdata_2024-02.parquet,total_amount,DOUBLE,DOUBLE,OPTIONAL
data/raw/green/2024/green_tripdata_2024-02.parquet,payment_type,INT64,BIGINT,OPTIONAL
data/raw/green/2024/green_tripdata_2024-02.parquet,trip_type,INT64,BIGINT,OPTIONAL
data/raw/green/2024/green_tripdata_2024-02.parquet,congestion_surcharge,DOUBLE,DOUBLE,OPTIONAL
data/raw/green/2024/green_tripdata_2024-03.parquet,VendorID,INT32,INTEGER,OPTIONAL
data/raw/green/2024/green_tripdata_2024-03.parquet,lpep_pickup_datetime,INT64,TIMESTAMP,OPTIONAL
data/raw/green/2024/green_tripdata_2024-03.parquet,lpep_dropoff_datetime,INT64,TIMESTAMP,OPTIONAL
data/raw/green/2024/green_tripdata_2024-03.parquet,store_and_fwd_flag,BYTE_ARRAY,VARCHAR,OPTIONAL
data/raw/green/2024/green_tripdata_2024-03.parquet,RatecodeID,INT64,BIGINT,OPTIONAL
data/raw/green/2024/green_tripdata_2024-03.parquet,PULocationID,INT32,INTEGER,OPTIONAL
data/raw/green/2024/green_tripdata_2024-03.parquet,DOLocationID,INT32,INTEGER,OPTIONAL
data/raw/green/2024/green_tripdata_2024-03.parquet,passenger_count,INT64,BIGINT,OPTIONAL
data/raw/green/2024/green_tripdata_2024-03.parquet,trip_distance,DOUBLE,DOUBLE,OPTIONAL
data/raw/green/2024/green_tripdata_2024-03.parquet,fare_amount,DOUBLE,DOUBLE,OPTIONAL
data/raw/green/2024/green_tripdata_2024-03.parquet,extra,DOUBLE,DOUBLE,OPTIONAL
data/raw/green/2024/green_tripdata_2024-03.parquet,mta_tax,DOUBLE,DOUBLE,OPTIONAL
data/raw/green/2024/green_tripdata_2024-03.parquet,tip_amount,DOUBLE,DOUBLE,OPTIONAL
data/raw/green/2024/green_tripdata_2024-03.parquet,tolls_amount,DOUBLE,DOUBLE,OPTIONAL
data/raw/green/2024/green_tripdata_2024-03.parquet,ehail_fee,DOUBLE,DOUBLE,OPTIONAL
data/raw/green/2024/green_tripdata_2024-03.parquet,improvement_surcharge,DOUBLE,DOUBLE,OPTIONAL
data/raw/green/2024/green_tripdata_2024-03.parquet,total_amount,DOUBLE,DOUBLE,OPTIONAL
data/raw/green/2024/green_tripdata_2024-03.parquet,payment_type,INT64,BIGINT,OPTIONAL
data/raw/green/2024/green_tripdata_2024-03.parquet,trip_type,INT64,BIGINT,OPTIONAL
data/raw/green/2024/green_tripdata_2024-03.parquet,congestion_surcharge,DOUBLE,DOUBLE,OPTIONAL
data/raw/green/2024/green_tripdata_2024-04.parquet,VendorID,INT32,INTEGER,OPTIONAL
data/raw/green/2024/green_tripdata_2024-04.parquet,lpep_pickup_datetime,INT64,TIMESTAMP,OPTIONAL
data/raw/green/2024/green_tripdata_2024-04.parquet,lpep_dropoff_datetime,INT64,TIMESTAMP,OPTIONAL
data/raw/green/2024/green_tripdata_2024-04.parquet,store_and_fwd_flag,BYTE_ARRAY,VARCHAR,OPTIONAL
data/raw/green/2024/green_tripdata_2024-04.parquet,RatecodeID,INT64,BIGINT,OPTIONAL
data/raw/green/2024/green_tripdata_2024-04.parquet,PULocationID,INT32,INTEGER,OPTIONAL
data/raw/green/2024/green_tripdata_2024-04.parquet,DOLocationID,INT32,INTEGER,OPTIONAL
data/raw/green/2024/green_tripdata_2024-04.parquet,passenger_count,INT64,BIGINT,OPTIONAL
data/raw/green/2024/green_tripdata_2024-04.parquet,trip_distance,DOUBLE,DOUBLE,OPTIONAL
data/raw/green/2024/green_tripdata_2024-04.parquet,fare_amount,DOUBLE,DOUBLE,OPTIONAL
data/raw/green/2024/green_tripdata_2024-04.parquet,extra,DOUBLE,DOUBLE,OPTIONAL
data/raw/green/2024/green_tripdata_2024-04.parquet,mta_tax,DOUBLE,DOUBLE,OPTIONAL
data/raw/green/2024/green_tripdata_2024-04.parquet,tip_amount,DOUBLE,DOUBLE,OPTIONAL
data/raw/green/2024/green_tripdata_2024-04.parquet,tolls_amount,DOUBLE,DOUBLE,OPTIONAL
data/raw/green/2024/green_tripdata_2024-04.parquet,ehail_fee,DOUBLE,DOUBLE,OPTIONAL
data/raw/green/2024/green_tripdata_2024-04.parquet,improvement_surcharge,DOUBLE,DOUBLE,OPTIONAL
data/raw/green/2024/green_tripdata_2024-04.parquet,total_amount,DOUBLE,DOUBLE,OPTIONAL
data/raw/green/2024/green_tripdata_2024-04.parquet,payment_type,INT64,BIGINT,OPTIONAL
data/raw/green/2024/green_tripdata_2024-04.parquet,trip_type,INT64,BIGINT,OPTIONAL
data/raw/green/2024/green_tripdata_2024-04.parquet,congestion_surcharge,DOUBLE,DOUBLE,OPTIONAL
data/raw/green/2024/green_tripdata_2024-05.parquet,VendorID,INT32,INTEGER,OPTIONAL
data/raw/green/2024/green_tripdata_2024-05.parquet,lpep_pickup_datetime,INT64,TIMESTAMP,OPTIONAL
data/raw/green/2024/green_tripdata_2024-05.parquet,lpep_dropoff_datetime,INT64,TIMESTAMP,OPTIONAL
data/raw/green/2024/green_tripdata_2024-05.parquet,store_and_fwd_flag,BYTE_ARRAY,VARCHAR,OPTIONAL
data/raw/green/2024/green_tripdata_2024-05.parquet,RatecodeID,INT64,BIGINT,OPTIONAL
data/raw/green/2024/green_tripdata_2024-05.parquet,PULocationID,INT32,INTEGER,OPTIONAL
data/raw/green/2024/green_tripdata_2024-05.parquet,DOLocationID,INT32,INTEGER,OPTIONAL
data/raw/green/2024/green_tripdata_2024-05.parquet,passenger_count,INT64,BIGINT,OPTIONAL
data/raw/green/2024/green_tripdata_2024-05.parquet,trip_distance,DOUBLE,DOUBLE,OPTIONAL
data/raw/green/2024/green_tripdata_2024-05.parquet,fare_amount,DOUBLE,DOUBLE,OPTIONAL
data/raw/green/2024/green_tripdata_2024-05.parquet,extra,DOUBLE,DOUBLE,OPTIONAL
data/raw/green/2024/green_tripdata_2024-05.parquet,mta_tax,DOUBLE,DOUBLE,OPTIONAL
data/raw/green/2024/green_tripdata_2024-05.parquet,tip_amount,DOUBLE,DOUBLE,OPTIONAL
data/raw/green/2024/green_tripdata_2024-05.parquet,tolls_amount,DOUBLE,DOUBLE,OPTIONAL
data/raw/green/2024/green_tripdata_2024-05.parquet,ehail_fee,DOUBLE,DOUBLE,OPTIONAL
data/raw/green/2024/green_tripdata_2024-05.parquet,improvement_surcharge,DOUBLE,DOUBLE,OPTIONAL
data/raw/green/2024/green_tripdata_2024-05.parquet,total_amount,DOUBLE,DOUBLE,OPTIONAL
data/raw/green/2024/green_tripdata_2024-05.parquet,payment_type,INT64,BIGINT,OPTIONAL
data/raw/green/2024/green_tripdata_2024-05.parquet,trip_type,INT64,BIGINT,OPTIONAL
data/raw/green/2024/green_tripdata_2024-05.parquet,congestion_surcharge,DOUBLE,DOUBLE,OPTIONAL
data/raw/green/2024/green_tripdata_2024-06.parquet,VendorID,INT32,INTEGER,OPTIONAL
data/raw/green/2024/green_tripdata_2024-06.parquet,lpep_pickup_datetime,INT64,TIMESTAMP,OPTIONAL
data/raw/green/2024/green_tripdata_2024-06.parquet,lpep_dropoff_datetime,INT64,TIMESTAMP,OPTIONAL
data/raw/green/2024/green_tripdata_2024-06.parquet,store_and_fwd_flag,BYTE_ARRAY,VARCHAR,OPTIONAL
data/raw/green/2024/green_tripdata_2024-06.parquet,RatecodeID,INT64,BIGINT,OPTIONAL
data/raw/green/2024/green_tripdata_2024-06.parquet,PULocationID,INT32,INTEGER,OPTIONAL
data/raw/green/2024/green_tripdata_2024-06.parquet,DOLocationID,INT32,INTEGER,OPTIONAL
data/raw/green/2024/green_tripdata_2024-06.parquet,passenger_count,INT64,BIGINT,OPTIONAL
data/raw/green/2024/green_tripdata_2024-06.parquet,trip_distance,DOUBLE,DOUBLE,OPTIONAL
data/raw/green/2024/green_tripdata_2024-06.parquet,fare_amount,DOUBLE,DOUBLE,OPTIONAL
data/raw/green/2024/green_tripdata_2024-06.parquet,extra,DOUBLE,DOUBLE,OPTIONAL
data/raw/green/2024/green_tripdata_2024-06.parquet,mta_tax,DOUBLE,DOUBLE,OPTIONAL
data/raw/green/2024/green_tripdata_2024-06.parquet,tip_amount,DOUBLE,DOUBLE,OPTIONAL
data/raw/green/2024/green_tripdata_2024-06.parquet,tolls_amount,DOUBLE,DOUBLE,OPTIONAL
data/raw/green/2024/green_tripdata_2024-06.parquet,ehail_fee,DOUBLE,DOUBLE,OPTIONAL
data/raw/green/2024/green_tripdata_2024-06.parquet,improvement_surcharge,DOUBLE,DOUBLE,OPTIONAL
data/raw/green/2024/green_tripdata_2024-06.parquet,total_amount,DOUBLE,DOUBLE,OPTIONAL
data/raw/green/2024/green_tripdata_2024-06.parquet,payment_type,INT64,BIGINT,OPTIONAL
data/raw/green/2024/green_tripdata_2024-06.parquet,trip_type,INT64,BIGINT,OPTIONAL
data/raw/green/2024/green_tripdata_2024-06.parquet,congestion_surcharge,DOUBLE,DOUBLE,OPTIONAL
data/raw/green/2024/green_tripdata_2024-07.parquet,VendorID,INT32,INTEGER,OPTIONAL
data/raw/green/2024/green_tripdata_2024-07.parquet,lpep_pickup_datetime,INT64,TIMESTAMP,OPTIONAL
data/raw/green/2024/green_tripdata_2024-07.parquet,lpep_dropoff_datetime,INT64,TIMESTAMP,OPTIONAL
data/raw/green/2024/green_tripdata_2024-07.parquet,store_and_fwd_flag,BYTE_ARRAY,VARCHAR,OPTIONAL
data/raw/green/2024/green_tripdata_2024-07.parquet,RatecodeID,INT64,BIGINT,OPTIONAL
data/raw/green/2024/green_tripdata_2024-07.parquet,PULocationID,INT32,INTEGER,OPTIONAL
data/raw/green/2024/green_tripdata_2024-07.parquet,DOLocationID,INT32,INTEGER,OPTIONAL
data/raw/green/2024/green_tripdata_2024-07.parquet,passenger_count,INT64,BIGINT,OPTIONAL
data/raw/green/2024/green_tripdata_2024-07.parquet,trip_distance,DOUBLE,DOUBLE,OPTIONAL
data/raw/green/2024/green_tripdata_2024-07.parquet,fare_amount,DOUBLE,DOUBLE,OPTIONAL
data/raw/green/2024/green_tripdata_2024-07.parquet,extra,DOUBLE,DOUBLE,OPTIONAL
data/raw/green/2024/green_tripdata_2024-07.parquet,mta_tax,DOUBLE,DOUBLE,OPTIONAL
data/raw/green/2024/green_tripdata_2024-07.parquet,tip_amount,DOUBLE,DOUBLE,OPTIONAL
data/raw/green/2024/green_tripdata_2024-07.parquet,tolls_amount,DOUBLE,DOUBLE,OPTIONAL
data/raw/green/2024/green_tripdata_2024-07.parquet,ehail_fee,DOUBLE,DOUBLE,OPTIONAL
data/raw/green/2024/green_tripdata_2024-07.parquet,improvement_surcharge,DOUBLE,DOUBLE,OPTIONAL
data/raw/green/2024/green_tripdata_2024-07.parquet,total_amount,DOUBLE,DOUBLE,OPTIONAL
data/raw/green/2024/green_tripdata_2024-07.parquet,payment_type,INT64,BIGINT,OPTIONAL
data/raw/green/2024/green_tripdata_2024-07.parquet,trip_type,INT64,BIGINT,OPTIONAL
data/raw/green/2024/green_tripdata_2024-07.parquet,congestion_surcharge,DOUBLE,DOUBLE,OPTIONAL
data/raw/green/2024/green_tripdata_2024-08.parquet,VendorID,INT32,INTEGER,OPTIONAL
data/raw/green/2024/green_tripdata_2024-08.parquet,lpep_pickup_datetime,INT64,TIMESTAMP,OPTIONAL
data/raw/green/2024/green_tripdata_2024-08.parquet,lpep_dropoff_datetime,INT64,TIMESTAMP,OPTIONAL
data/raw/green/2024/green_tripdata_2024-08.parquet,store_and_fwd_flag,BYTE_ARRAY,VARCHAR,OPTIONAL
data/raw/green/2024/green_tripdata_2024-08.parquet,RatecodeID,INT64,BIGINT,OPTIONAL
data/raw/green/2024/green_tripdata_2024-08.parquet,PULocationID,INT32,INTEGER,OPTIONAL
data/raw/green/2024/green_tripdata_2024-08.parquet,DOLocationID,INT32,INTEGER,OPTIONAL
data/raw/green/2024/green_tripdata_2024-08.parquet,passenger_count,INT64,BIGINT,OPTIONAL
data/raw/green/2024/green_tripdata_2024-08.parquet,trip_distance,DOUBLE,DOUBLE,OPTIONAL
data/raw/green/2024/green_tripdata_2024-08.parquet,fare_amount,DOUBLE,DOUBLE,OPTIONAL
data/raw/green/2024/green_tripdata_2024-08.parquet,extra,DOUBLE,DOUBLE,OPTIONAL
data/raw/green/2024/green_tripdata_2024-08.parquet,mta_tax,DOUBLE,DOUBLE,OPTIONAL
data/raw/green/2024/green_tripdata_2024-08.parquet,tip_amount,DOUBLE,DOUBLE,OPTIONAL
data/raw/green/2024/green_tripdata_2024-08.parquet,tolls_amount,DOUBLE,DOUBLE,OPTIONAL
data/raw/green/2024/green_tripdata_2024-08.parquet,ehail_fee,DOUBLE,DOUBLE,OPTIONAL
data/raw/green/2024/green_tripdata_2024-08.parquet,improvement_surcharge,DOUBLE,DOUBLE,OPTIONAL
data/raw/green/2024/green_tripdata_2024-08.parquet,total_amount,DOUBLE,DOUBLE,OPTIONAL
data/raw/green/2024/green_tripdata_2024-08.parquet,payment_type,INT64,BIGINT,OPTIONAL
data/raw/green/2024/green_tripdata_2024-08.parquet,trip_type,INT64,BIGINT,OPTIONAL
data/raw/green/2024/green_tripdata_2024-08.parquet,congestion_surcharge,DOUBLE,DOUBLE,OPTIONAL
data/raw/green/2024/green_tripdata_2024-09.parquet,VendorID,INT32,INTEGER,OPTIONAL
data/raw/green/2024/green_tripdata_2024-09.parquet,lpep_pickup_datetime,INT64,TIMESTAMP,OPTIONAL
data/raw/green/2024/green_tripdata_2024-09.parquet,lpep_dropoff_datetime,INT64,TIMESTAMP,OPTIONAL
data/raw/green/2024/green_tripdata_2024-09.parquet,store_and_fwd_flag,BYTE_ARRAY,VARCHAR,OPTIONAL
data/raw/green/2024/green_tripdata_2024-09.parquet,RatecodeID,INT64,BIGINT,OPTIONAL
data/raw/green/2024/green_tripdata_2024-09.parquet,PULocationID,INT32,INTEGER,OPTIONAL
data/raw/green/2024/green_tripdata_2024-09.parquet,DOLocationID,INT32,INTEGER,OPTIONAL
data/raw/green/2024/green_tripdata_2024-09.parquet,passenger_count,INT64,BIGINT,OPTIONAL
data/raw/green/2024/green_tripdata_2024-09.parquet,trip_distance,DOUBLE,DOUBLE,OPTIONAL
data/raw/green/2024/green_tripdata_2024-09.parquet,fare_amount,DOUBLE,DOUBLE,OPTIONAL
data/raw/green/2024/green_tripdata_2024-09.parquet,extra,DOUBLE,DOUBLE,OPTIONAL
data/raw/green/2024/green_tripdata_2024-09.parquet,mta_tax,DOUBLE,DOUBLE,OPTIONAL
data/raw/green/2024/green_tripdata_2024-09.parquet,tip_amount,DOUBLE,DOUBLE,OPTIONAL
data/raw/green/2024/green_tripdata_2024-09.parquet,tolls_amount,DOUBLE,DOUBLE,OPTIONAL
data/raw/green/2024/green_tripdata_2024-09.parquet,ehail_fee,DOUBLE,DOUBLE,OPTIONAL
data/raw/green/2024/green_tripdata_2024-09.parquet,improvement_surcharge,DOUBLE,DOUBLE,OPTIONAL
data/raw/green/2024/green_tripdata_2024-09.parquet,total_amount,DOUBLE,DOUBLE,OPTIONAL
data/raw/green/2024/green_tripdata_2024-09.parquet,payment_type,INT64,BIGINT,OPTIONAL
data/raw/green/2024/green_tripdata_2024-09.parquet,trip_type,INT64,BIGINT,OPTIONAL
data/raw/green/2024/green_tripdata_2024-09.parquet,congestion_surcharge,DOUBLE,DOUBLE,OPTIONAL
data/raw/green/2024/green_tripdata_2024-10.parquet,VendorID,INT32,INTEGER,OPTIONAL
data/raw/green/2024/green_tripdata_2024-10.parquet,lpep_pickup_datetime,INT64,TIMESTAMP,OPTIONAL
data/raw/green/2024/green_tripdata_2024-10.parquet,lpep_dropoff_datetime,INT64,TIMESTAMP,OPTIONAL
data/raw/green/2024/green_tripdata_2024-10.parquet,store_and_fwd_flag,BYTE_ARRAY,VARCHAR,OPTIONAL
data/raw/green/2024/green_tripdata_2024-10.parquet,RatecodeID,INT64,BIGINT,OPTIONAL
data/raw/green/2024/green_tripdata_2024-10.parquet,PULocationID,INT32,INTEGER,OPTIONAL
data/raw/green/2024/green_tripdata_2024-10.parquet,DOLocationID,INT32,INTEGER,OPTIONAL
data/raw/green/2024/green_tripdata_2024-10.parquet,passenger_count,INT64,BIGINT,OPTIONAL
data/raw/green/2024/green_tripdata_2024-10.parquet,trip_distance,DOUBLE,DOUBLE,OPTIONAL
data/raw/green/2024/green_tripdata_2024-10.parquet,fare_amount,DOUBLE,DOUBLE,OPTIONAL
data/raw/green/2024/green_tripdata_2024-10.parquet,extra,DOUBLE,DOUBLE,OPTIONAL
data/raw/green/2024/green_tripdata_2024-10.parquet,mta_tax,DOUBLE,DOUBLE,OPTIONAL
data/raw/green/2024/green_tripdata_2024-10.parquet,tip_amount,DOUBLE,DOUBLE,OPTIONAL
data/raw/green/2024/green_tripdata_2024-10.parquet,tolls_amount,DOUBLE,DOUBLE,OPTIONAL
data/raw/green/2024/green_tripdata_2024-10.parquet,ehail_fee,DOUBLE,DOUBLE,OPTIONAL
data/raw/green/2024/green_tripdata_2024-10.parquet,improvement_surcharge,DOUBLE,DOUBLE,OPTIONAL
data/raw/green/2024/green_tripdata_2024-10.parquet,total_amount,DOUBLE,DOUBLE,OPTIONAL
data/raw/green/2024/green_tripdata_2024-10.parquet,payment_type,INT64,BIGINT,OPTIONAL
data/raw/green/2024/green_tripdata_2024-10.parquet,trip_type,INT64,BIGINT,OPTIONAL
data/raw/green/2024/green_tripdata_2024-10.parquet,congestion_surcharge,DOUBLE,DOUBLE,OPTIONAL
data/raw/green/2024/green_tripdata_2024-11.parquet,VendorID,INT32,INTEGER,OPTIONAL
data/raw/green/2024/green_tripdata_2024-11.parquet,lpep_pickup_datetime,INT64,TIMESTAMP,OPTIONAL
data/raw/green/2024/green_tripdata_2024-11.parquet,lpep_dropoff_datetime,INT64,TIMESTAMP,OPTIONAL
data/raw/green/2024/green_tripdata_2024-11.parquet,store_and_fwd_flag,BYTE_ARRAY,VARCHAR,OPTIONAL
data/raw/green/2024/green_tripdata_2024-11.parquet,RatecodeID,INT64,BIGINT,OPTIONAL
data/raw/green/2024/green_tripdata_2024-11.parquet,PULocationID,INT32,INTEGER,OPTIONAL
data/raw/green/2024/green_tripdata_2024-11.parquet,DOLocationID,INT32,INTEGER,OPTIONAL
data/raw/green/2024/green_tripdata_2024-11.parquet,passenger_count,INT64,BIGINT,OPTIONAL
data/raw/green/2024/green_tripdata_2024-11.parquet,trip_distance,DOUBLE,DOUBLE,OPTIONAL
data/raw/green/2024/green_tripdata_2024-11.parquet,fare_amount,DOUBLE,DOUBLE,OPTIONAL
data/raw/green/2024/green_tripdata_2024-11.parquet,extra,DOUBLE,DOUBLE,OPTIONAL
data/raw/green/2024/green_tripdata_2024-11.parquet,mta_tax,DOUBLE,DOUBLE,OPTIONAL
data/raw/green/2024/green_tripdata_2024-11.parquet,tip_amount,DOUBLE,DOUBLE,OPTIONAL
data/raw/green/2024/green_tripdata_2024-11.parquet,tolls_amount,DOUBLE,DOUBLE,OPTIONAL
data/raw/green/2024/green_tripdata_2024-11.parquet,ehail_fee,DOUBLE,DOUBLE,OPTIONAL
data/raw/green/2024/green_tripdata_2024-11.parquet,improvement_surcharge,DOUBLE,DOUBLE,OPTIONAL
data/raw/green/2024/green_tripdata_2024-11.parquet,total_amount,DOUBLE,DOUBLE,OPTIONAL
data/raw/green/2024/green_tripdata_2024-11.parquet,payment_type,INT64,BIGINT,OPTIONAL
data/raw/green/2024/green_tripdata_2024-11.parquet,trip_type,INT64,BIGINT,OPTIONAL
data/raw/green/2024/green_tripdata_2024-11.parquet,congestion_surcharge,DOUBLE,DOUBLE,OPTIONAL
data/raw/green/2024/green_tripdata_2024-12.parquet,VendorID,INT32,INTEGER,OPTIONAL
data/raw/green/2024/green_tripdata_2024-12.parquet,lpep_pickup_datetime,INT64,TIMESTAMP,OPTIONAL
data/raw/green/2024/green_tripdata_2024-12.parquet,lpep_dropoff_datetime,INT64,TIMESTAMP,OPTIONAL
data/raw/green/2024/green_tripdata_2024-12.parquet,store_and_fwd_flag,BYTE_ARRAY,VARCHAR,OPTIONAL
data/raw/green/2024/green_tripdata_2024-12.parquet,RatecodeID,INT64,BIGINT,OPTIONAL
data/raw/green/2024/green_tripdata_2024-12.parquet,PULocationID,INT32,INTEGER,OPTIONAL
data/raw/green/2024/green_tripdata_2024-12.parquet,DOLocationID,INT32,INTEGER,OPTIONAL
data/raw/green/2024/green_tripdata_2024-12.parquet,passenger_count,INT64,BIGINT,OPTIONAL
data/raw/green/2024/green_tripdata_2024-12.parquet,trip_distance,DOUBLE,DOUBLE,OPTIONAL
data/raw/green/2024/green_tripdata_2024-12.parquet,fare_amount,DOUBLE,DOUBLE,OPTIONAL
data/raw/green/2024/green_tripdata_2024-12.parquet,extra,DOUBLE,DOUBLE,OPTIONAL
data/raw/green/2024/green_tripdata_2024-12.parquet,mta_tax,DOUBLE,DOUBLE,OPTIONAL
data/raw/green/2024/green_tripdata_2024-12.parquet,tip_amount,DOUBLE,DOUBLE,OPTIONAL
data/raw/green/2024/green_tripdata_2024-12.parquet,tolls_amount,DOUBLE,DOUBLE,OPTIONAL
data/raw/green/2024/green_tripdata_2024-12.parquet,ehail_fee,DOUBLE,DOUBLE,OPTIONAL
data/raw/green/2024/green_tripdata_2024-12.parquet,improvement_surcharge,DOUBLE,DOUBLE,OPTIONAL
data/raw/green/2024/green_tripdata_2024-12.parquet,total_amount,DOUBLE,DOUBLE,OPTIONAL
data/raw/green/2024/green_tripdata_2024-12.parquet,payment_type,INT64,BIGINT,OPTIONAL
data/raw/green/2024/green_tripdata_2024-12.parquet,trip_type,INT64,BIGINT,OPTIONAL
data/raw/green/2024/green_tripdata_2024-12.parquet,congestion_surcharge,DOUBLE,DOUBLE,OPTIONAL
data/raw/green/2026/green_tripdata_2026-01.parquet,VendorID,INT32,INTEGER,OPTIONAL
data/raw/green/2026/green_tripdata_2026-01.parquet,lpep_pickup_datetime,INT64,TIMESTAMP,OPTIONAL
data/raw/green/2026/green_tripdata_2026-01.parquet,lpep_dropoff_datetime,INT64,TIMESTAMP,OPTIONAL
data/raw/green/2026/green_tripdata_2026-01.parquet,store_and_fwd_flag,BYTE_ARRAY,VARCHAR,OPTIONAL
data/raw/green/2026/green_tripdata_2026-01.parquet,RatecodeID,INT64,BIGINT,OPTIONAL
data/raw/green/2026/green_tripdata_2026-01.parquet,PULocationID,INT32,INTEGER,OPTIONAL
data/raw/green/2026/green_tripdata_2026-01.parquet,DOLocationID,INT32,INTEGER,OPTIONAL
data/raw/green/2026/green_tripdata_2026-01.parquet,passenger_count,INT64,BIGINT,OPTIONAL
data/raw/green/2026/green_tripdata_2026-01.parquet,trip_distance,DOUBLE,DOUBLE,OPTIONAL
data/raw/green/2026/green_tripdata_2026-01.parquet,fare_amount,DOUBLE,DOUBLE,OPTIONAL
data/raw/green/2026/green_tripdata_2026-01.parquet,extra,DOUBLE,DOUBLE,OPTIONAL
data/raw/green/2026/green_tripdata_2026-01.parquet,mta_tax,DOUBLE,DOUBLE,OPTIONAL
data/raw/green/2026/green_tripdata_2026-01.parquet,tip_amount,DOUBLE,DOUBLE,OPTIONAL
data/raw/green/2026/green_tripdata_2026-01.parquet,tolls_amount,DOUBLE,DOUBLE,OPTIONAL
data/raw/green/2026/green_tripdata_2026-01.parquet,ehail_fee,DOUBLE,DOUBLE,OPTIONAL
data/raw/green/2026/green_tripdata_2026-01.parquet,improvement_surcharge,DOUBLE,DOUBLE,OPTIONAL
data/raw/green/2026/green_tripdata_2026-01.parquet,total_amount,DOUBLE,DOUBLE,OPTIONAL
data/raw/green/2026/green_tripdata_2026-01.parquet,payment_type,INT64,BIGINT,OPTIONAL
data/raw/green/2026/green_tripdata_2026-01.parquet,trip_type,INT64,BIGINT,OPTIONAL
data/raw/green/2026/green_tripdata_2026-01.parquet,congestion_surcharge,DOUBLE,DOUBLE,OPTIONAL
data/raw/green/2026/green_tripdata_2026-01.parquet,cbd_congestion_fee,DOUBLE,DOUBLE,OPTIONAL
data/raw/green/2026/green_tripdata_2026-02.parquet,VendorID,INT32,INTEGER,OPTIONAL
data/raw/green/2026/green_tripdata_2026-02.parquet,lpep_pickup_datetime,INT64,TIMESTAMP,OPTIONAL
data/raw/green/2026/green_tripdata_2026-02.parquet,lpep_dropoff_datetime,INT64,TIMESTAMP,OPTIONAL
data/raw/green/2026/green_tripdata_2026-02.parquet,store_and_fwd_flag,BYTE_ARRAY,VARCHAR,OPTIONAL
data/raw/green/2026/green_tripdata_2026-02.parquet,RatecodeID,INT64,BIGINT,OPTIONAL
data/raw/green/2026/green_tripdata_2026-02.parquet,PULocationID,INT32,INTEGER,OPTIONAL
data/raw/green/2026/green_tripdata_2026-02.parquet,DOLocationID,INT32,INTEGER,OPTIONAL
data/raw/green/2026/green_tripdata_2026-02.parquet,passenger_count,INT64,BIGINT,OPTIONAL
data/raw/green/2026/green_tripdata_2026-02.parquet,trip_distance,DOUBLE,DOUBLE,OPTIONAL
data/raw/green/2026/green_tripdata_2026-02.parquet,fare_amount,DOUBLE,DOUBLE,OPTIONAL
data/raw/green/2026/green_tripdata_2026-02.parquet,extra,DOUBLE,DOUBLE,OPTIONAL
data/raw/green/2026/green_tripdata_2026-02.parquet,mta_tax,DOUBLE,DOUBLE,OPTIONAL
data/raw/green/2026/green_tripdata_2026-02.parquet,tip_amount,DOUBLE,DOUBLE,OPTIONAL
data/raw/green/2026/green_tripdata_2026-02.parquet,tolls_amount,DOUBLE,DOUBLE,OPTIONAL
data/raw/green/2026/green_tripdata_2026-02.parquet,ehail_fee,DOUBLE,DOUBLE,OPTIONAL
data/raw/green/2026/green_tripdata_2026-02.parquet,improvement_surcharge,DOUBLE,DOUBLE,OPTIONAL
data/raw/green/2026/green_tripdata_2026-02.parquet,total_amount,DOUBLE,DOUBLE,OPTIONAL
data/raw/green/2026/green_tripdata_2026-02.parquet,payment_type,INT64,BIGINT,OPTIONAL
data/raw/green/2026/green_tripdata_2026-02.parquet,trip_type,INT64,BIGINT,OPTIONAL
data/raw/green/2026/green_tripdata_2026-02.parquet,congestion_surcharge,DOUBLE,DOUBLE,OPTIONAL
data/raw/green/2026/green_tripdata_2026-02.parquet,cbd_congestion_fee,DOUBLE,DOUBLE,OPTIONAL
data/raw/green/2026/green_tripdata_2026-03.parquet,VendorID,INT32,INTEGER,OPTIONAL
data/raw/green/2026/green_tripdata_2026-03.parquet,lpep_pickup_datetime,INT64,TIMESTAMP,OPTIONAL
data/raw/green/2026/green_tripdata_2026-03.parquet,lpep_dropoff_datetime,INT64,TIMESTAMP,OPTIONAL
data/raw/green/2026/green_tripdata_2026-03.parquet,store_and_fwd_flag,BYTE_ARRAY,VARCHAR,OPTIONAL
data/raw/green/2026/green_tripdata_2026-03.parquet,RatecodeID,INT64,BIGINT,OPTIONAL
data/raw/green/2026/green_tripdata_2026-03.parquet,PULocationID,INT32,INTEGER,OPTIONAL
data/raw/green/2026/green_tripdata_2026-03.parquet,DOLocationID,INT32,INTEGER,OPTIONAL
data/raw/green/2026/green_tripdata_2026-03.parquet,passenger_count,INT64,BIGINT,OPTIONAL
data/raw/green/2026/green_tripdata_2026-03.parquet,trip_distance,DOUBLE,DOUBLE,OPTIONAL
data/raw/green/2026/green_tripdata_2026-03.parquet,fare_amount,DOUBLE,DOUBLE,OPTIONAL
data/raw/green/2026/green_tripdata_2026-03.parquet,extra,DOUBLE,DOUBLE,OPTIONAL
data/raw/green/2026/green_tripdata_2026-03.parquet,mta_tax,DOUBLE,DOUBLE,OPTIONAL
data/raw/green/2026/green_tripdata_2026-03.parquet,tip_amount,DOUBLE,DOUBLE,OPTIONAL
data/raw/green/2026/green_tripdata_2026-03.parquet,tolls_amount,DOUBLE,DOUBLE,OPTIONAL
data/raw/green/2026/green_tripdata_2026-03.parquet,ehail_fee,DOUBLE,DOUBLE,OPTIONAL
data/raw/green/2026/green_tripdata_2026-03.parquet,improvement_surcharge,DOUBLE,DOUBLE,OPTIONAL
data/raw/green/2026/green_tripdata_2026-03.parquet,total_amount,DOUBLE,DOUBLE,OPTIONAL
data/raw/green/2026/green_tripdata_2026-03.parquet,payment_type,INT64,BIGINT,OPTIONAL
data/raw/green/2026/green_tripdata_2026-03.parquet,trip_type,INT64,BIGINT,OPTIONAL
data/raw/green/2026/green_tripdata_2026-03.parquet,congestion_surcharge,DOUBLE,DOUBLE,OPTIONAL
data/raw/green/2026/green_tripdata_2026-03.parquet,cbd_congestion_fee,DOUBLE,DOUBLE,OPTIONAL
data/raw/green/2026/green_tripdata_2026-04.parquet,VendorID,INT32,INTEGER,OPTIONAL
data/raw/green/2026/green_tripdata_2026-04.parquet,lpep_pickup_datetime,INT64,TIMESTAMP,OPTIONAL
data/raw/green/2026/green_tripdata_2026-04.parquet,lpep_dropoff_datetime,INT64,TIMESTAMP,OPTIONAL
data/raw/green/2026/green_tripdata_2026-04.parquet,store_and_fwd_flag,BYTE_ARRAY,VARCHAR,OPTIONAL
data/raw/green/2026/green_tripdata_2026-04.parquet,RatecodeID,INT64,BIGINT,OPTIONAL
data/raw/green/2026/green_tripdata_2026-04.parquet,PULocationID,INT32,INTEGER,OPTIONAL
data/raw/green/2026/green_tripdata_2026-04.parquet,DOLocationID,INT32,INTEGER,OPTIONAL
data/raw/green/2026/green_tripdata_2026-04.parquet,passenger_count,INT64,BIGINT,OPTIONAL
data/raw/green/2026/green_tripdata_2026-04.parquet,trip_distance,DOUBLE,DOUBLE,OPTIONAL
data/raw/green/2026/green_tripdata_2026-04.parquet,fare_amount,DOUBLE,DOUBLE,OPTIONAL
data/raw/green/2026/green_tripdata_2026-04.parquet,extra,DOUBLE,DOUBLE,OPTIONAL
data/raw/green/2026/green_tripdata_2026-04.parquet,mta_tax,DOUBLE,DOUBLE,OPTIONAL
data/raw/green/2026/green_tripdata_2026-04.parquet,tip_amount,DOUBLE,DOUBLE,OPTIONAL
data/raw/green/2026/green_tripdata_2026-04.parquet,tolls_amount,DOUBLE,DOUBLE,OPTIONAL
data/raw/green/2026/green_tripdata_2026-04.parquet,ehail_fee,DOUBLE,DOUBLE,OPTIONAL
data/raw/green/2026/green_tripdata_2026-04.parquet,improvement_surcharge,DOUBLE,DOUBLE,OPTIONAL
data/raw/green/2026/green_tripdata_2026-04.parquet,total_amount,DOUBLE,DOUBLE,OPTIONAL
data/raw/green/2026/green_tripdata_2026-04.parquet,payment_type,INT64,BIGINT,OPTIONAL
data/raw/green/2026/green_tripdata_2026-04.parquet,trip_type,INT64,BIGINT,OPTIONAL
data/raw/green/2026/green_tripdata_2026-04.parquet,congestion_surcharge,DOUBLE,DOUBLE,OPTIONAL
data/raw/green/2026/green_tripdata_2026-04.parquet,cbd_congestion_fee,DOUBLE,DOUBLE,OPTIONAL
data/raw/green/2026/green_tripdata_2026-05.parquet,VendorID,INT32,INTEGER,OPTIONAL
data/raw/green/2026/green_tripdata_2026-05.parquet,lpep_pickup_datetime,INT64,TIMESTAMP,OPTIONAL
data/raw/green/2026/green_tripdata_2026-05.parquet,lpep_dropoff_datetime,INT64,TIMESTAMP,OPTIONAL
data/raw/green/2026/green_tripdata_2026-05.parquet,store_and_fwd_flag,BYTE_ARRAY,VARCHAR,OPTIONAL
data/raw/green/2026/green_tripdata_2026-05.parquet,RatecodeID,INT64,BIGINT,OPTIONAL
data/raw/green/2026/green_tripdata_2026-05.parquet,PULocationID,INT32,INTEGER,OPTIONAL
data/raw/green/2026/green_tripdata_2026-05.parquet,DOLocationID,INT32,INTEGER,OPTIONAL
data/raw/green/2026/green_tripdata_2026-05.parquet,passenger_count,INT64,BIGINT,OPTIONAL
data/raw/green/2026/green_tripdata_2026-05.parquet,trip_distance,DOUBLE,DOUBLE,OPTIONAL
data/raw/green/2026/green_tripdata_2026-05.parquet,fare_amount,DOUBLE,DOUBLE,OPTIONAL
data/raw/green/2026/green_tripdata_2026-05.parquet,extra,DOUBLE,DOUBLE,OPTIONAL
data/raw/green/2026/green_tripdata_2026-05.parquet,mta_tax,DOUBLE,DOUBLE,OPTIONAL
data/raw/green/2026/green_tripdata_2026-05.parquet,tip_amount,DOUBLE,DOUBLE,OPTIONAL
data/raw/green/2026/green_tripdata_2026-05.parquet,tolls_amount,DOUBLE,DOUBLE,OPTIONAL
data/raw/green/2026/green_tripdata_2026-05.parquet,ehail_fee,DOUBLE,DOUBLE,OPTIONAL
data/raw/green/2026/green_tripdata_2026-05.parquet,improvement_surcharge,DOUBLE,DOUBLE,OPTIONAL
data/raw/green/2026/green_tripdata_2026-05.parquet,total_amount,DOUBLE,DOUBLE,OPTIONAL
data/raw/green/2026/green_tripdata_2026-05.parquet,payment_type,INT64,BIGINT,OPTIONAL
data/raw/green/2026/green_tripdata_2026-05.parquet,trip_type,INT64,BIGINT,OPTIONAL
data/raw/green/2026/green_tripdata_2026-05.parquet,congestion_surcharge,DOUBLE,DOUBLE,OPTIONAL
data/raw/green/2026/green_tripdata_2026-05.parquet,cbd_congestion_fee,DOUBLE,DOUBLE,OPTIONAL
data/raw/green/2026/green_tripdata_2026-06.parquet,VendorID,INT32,INTEGER,OPTIONAL
data/raw/green/2026/green_tripdata_2026-06.parquet,lpep_pickup_datetime,INT64,TIMESTAMP,OPTIONAL
data/raw/green/2026/green_tripdata_2026-06.parquet,lpep_dropoff_datetime,INT64,TIMESTAMP,OPTIONAL
data/raw/green/2026/green_tripdata_2026-06.parquet,store_and_fwd_flag,BYTE_ARRAY,VARCHAR,OPTIONAL
data/raw/green/2026/green_tripdata_2026-06.parquet,RatecodeID,INT64,BIGINT,OPTIONAL
data/raw/green/2026/green_tripdata_2026-06.parquet,PULocationID,INT32,INTEGER,OPTIONAL
data/raw/green/2026/green_tripdata_2026-06.parquet,DOLocationID,INT32,INTEGER,OPTIONAL
data/raw/green/2026/green_tripdata_2026-06.parquet,passenger_count,INT64,BIGINT,OPTIONAL
data/raw/green/2026/green_tripdata_2026-06.parquet,trip_distance,DOUBLE,DOUBLE,OPTIONAL
data/raw/green/2026/green_tripdata_2026-06.parquet,fare_amount,DOUBLE,DOUBLE,OPTIONAL
data/raw/green/2026/green_tripdata_2026-06.parquet,extra,DOUBLE,DOUBLE,OPTIONAL
data/raw/green/2026/green_tripdata_2026-06.parquet,mta_tax,DOUBLE,DOUBLE,OPTIONAL
data/raw/green/2026/green_tripdata_2026-06.parquet,tip_amount,DOUBLE,DOUBLE,OPTIONAL
data/raw/green/2026/green_tripdata_2026-06.parquet,tolls_amount,DOUBLE,DOUBLE,OPTIONAL
data/raw/green/2026/green_tripdata_2026-06.parquet,ehail_fee,DOUBLE,DOUBLE,OPTIONAL
data/raw/green/2026/green_tripdata_2026-06.parquet,improvement_surcharge,DOUBLE,DOUBLE,OPTIONAL
data/raw/green/2026/green_tripdata_2026-06.parquet,total_amount,DOUBLE,DOUBLE,OPTIONAL
data/raw/green/2026/green_tripdata_2026-06.parquet,payment_type,INT64,BIGINT,OPTIONAL
data/raw/green/2026/green_tripdata_2026-06.parquet,trip_type,INT64,BIGINT,OPTIONAL
data/raw/green/2026/green_tripdata_2026-06.parquet,congestion_surcharge,DOUBLE,DOUBLE,OPTIONAL
data/raw/green/2026/green_tripdata_2026-06.parquet,cbd_congestion_fee,DOUBLE,DOUBLE,OPTIONAL
data/raw/green/2026/green_tripdata_2026-06.parquet,request_source,BYTE_ARRAY,VARCHAR,OPTIONAL
data/raw/green/2026/green_tripdata_2026-07.parquet,VendorID,INT32,INTEGER,OPTIONAL
data/raw/green/2026/green_tripdata_2026-07.parquet,lpep_pickup_datetime,INT64,TIMESTAMP,OPTIONAL
data/raw/green/2026/green_tripdata_2026-07.parquet,lpep_dropoff_datetime,INT64,TIMESTAMP,OPTIONAL
data/raw/green/2026/green_tripdata_2026-07.parquet,store_and_fwd_flag,BYTE_ARRAY,VARCHAR,OPTIONAL
data/raw/green/2026/green_tripdata_2026-07.parquet,RatecodeID,INT64,BIGINT,OPTIONAL
data/raw/green/2026/green_tripdata_2026-07.parquet,PULocationID,INT32,INTEGER,OPTIONAL
data/raw/green/2026/green_tripdata_2026-07.parquet,DOLocationID,INT32,INTEGER,OPTIONAL
data/raw/green/2026/green_tripdata_2026-07.parquet,passenger_count,INT64,BIGINT,OPTIONAL
data/raw/green/2026/green_tripdata_2026-07.parquet,trip_distance,DOUBLE,DOUBLE,OPTIONAL
data/raw/green/2026/green_tripdata_2026-07.parquet,fare_amount,DOUBLE,DOUBLE,OPTIONAL
data/raw/green/2026/green_tripdata_2026-07.parquet,extra,DOUBLE,DOUBLE,OPTIONAL
data/raw/green/2026/green_tripdata_2026-07.parquet,mta_tax,DOUBLE,DOUBLE,OPTIONAL
data/raw/green/2026/green_tripdata_2026-07.parquet,tip_amount,DOUBLE,DOUBLE,OPTIONAL
data/raw/green/2026/green_tripdata_2026-07.parquet,tolls_amount,DOUBLE,DOUBLE,OPTIONAL
data/raw/green/2026/green_tripdata_2026-07.parquet,ehail_fee,DOUBLE,DOUBLE,OPTIONAL
data/raw/green/2026/green_tripdata_2026-07.parquet,improvement_surcharge,DOUBLE,DOUBLE,OPTIONAL
data/raw/green/2026/green_tripdata_2026-07.parquet,total_amount,DOUBLE,DOUBLE,OPTIONAL
data/raw/green/2026/green_tripdata_2026-07.parquet,payment_type,INT64,BIGINT,OPTIONAL
data/raw/green/2026/green_tripdata_2026-07.parquet,trip_type,INT64,BIGINT,OPTIONAL
data/raw/green/2026/green_tripdata_2026-07.parquet,congestion_surcharge,DOUBLE,DOUBLE,OPTIONAL
data/raw/green/2026/green_tripdata_2026-07.parquet,cbd_congestion_fee,DOUBLE,DOUBLE,OPTIONAL
data/raw/green/2026/green_tripdata_2026-07.parquet,request_source,BYTE_ARRAY,VARCHAR,OPTIONAL
data/raw/green/2026/green_tripdata_2026-08.parquet,VendorID,INT32,INTEGER,OPTIONAL
data/raw/green/2026/green_tripdata_2026-08.parquet,lpep_pickup_datetime,INT64,TIMESTAMP,OPTIONAL
data/raw/green/2026/green_tripdata_2026-08.parquet,lpep_dropoff_datetime,INT64,TIMESTAMP,OPTIONAL
data/raw/green/2026/green_tripdata_2026-08.parquet,store_and_fwd_flag,BYTE_ARRAY,VARCHAR,OPTIONAL
data/raw/green/2026/green_tripdata_2026-08.parquet,RatecodeID,INT64,BIGINT,OPTIONAL
data/raw/green/2026/green_tripdata_2026-08.parquet,PULocationID,INT32,INTEGER,OPTIONAL
data/raw/green/2026/green_tripdata_2026-08.parquet,DOLocationID,INT32,INTEGER,OPTIONAL
data/raw/green/2026/green_tripdata_2026-08.parquet,passenger_count,INT64,BIGINT,OPTIONAL
data/raw/green/2026/green_tripdata_2026-08.parquet,trip_distance,DOUBLE,DOUBLE,OPTIONAL
data/raw/green/2026/green_tripdata_2026-08.parquet,fare_amount,DOUBLE,DOUBLE,OPTIONAL
data/raw/green/2026/green_tripdata_2026-08.parquet,extra,DOUBLE,DOUBLE,OPTIONAL
data/raw/green/2026/green_tripdata_2026-08.parquet,mta_tax,DOUBLE,DOUBLE,OPTIONAL
data/raw/green/2026/green_tripdata_2026-08.parquet,tip_amount,DOUBLE,DOUBLE,OPTIONAL
data/raw/green/2026/green_tripdata_2026-08.parquet,tolls_amount,DOUBLE,DOUBLE,OPTIONAL
data/raw/green/2026/green_tripdata_2026-08.parquet,ehail_fee,DOUBLE,DOUBLE,OPTIONAL
data/raw/green/2026/green_tripdata_2026-08.parquet,improvement_surcharge,DOUBLE,DOUBLE,OPTIONAL
data/raw/green/2026/green_tripdata_2026-08.parquet,total_amount,DOUBLE,DOUBLE,OPTIONAL
data/raw/green/2026/green_tripdata_2026-08.parquet,payment_type,INT64,BIGINT,OPTIONAL
data/raw/green/2026/green_tripdata_2026-08.parquet,trip_type,INT64,BIGINT,OPTIONAL
data/raw/green/2026/green_tripdata_2026-08.parquet,congestion_surcharge,DOUBLE,DOUBLE,OPTIONAL
data/raw/green/2026/green_tripdata_2026-08.parquet,cbd_congestion_fee,DOUBLE,DOUBLE,OPTIONAL
data/raw/green/2026/green_tripdata_2026-08.parquet,request_source,BYTE_ARRAY,VARCHAR,OPTIONAL
data/raw/yellow/2024/yellow_tripdata_2024-01.parquet,VendorID,INT32,INTEGER,OPTIONAL
data/raw/yellow/2024/yellow_tripdata_2024-01.parquet,tpep_pickup_datetime,INT64,TIMESTAMP,OPTIONAL
data/raw/yellow/2024/yellow_tripdata_2024-01.parquet,tpep_dropoff_datetime,INT64,TIMESTAMP,OPTIONAL
data/raw/yellow/2024/yellow_tripdata_2024-01.parquet,passenger_count,INT64,BIGINT,OPTIONAL
data/raw/yellow/2024/yellow_tripdata_2024-01.parquet,trip_distance,DOUBLE,DOUBLE,OPTIONAL
data/raw/yellow/2024/yellow_tripdata_2024-01.parquet,RatecodeID,INT64,BIGINT,OPTIONAL
data/raw/yellow/2024/yellow_tripdata_2024-01.parquet,store_and_fwd_flag,BYTE_ARRAY,VARCHAR,OPTIONAL
data/raw/yellow/2024/yellow_tripdata_2024-01.parquet,PULocationID,INT32,INTEGER,OPTIONAL
data/raw/yellow/2024/yellow_tripdata_2024-01.parquet,DOLocationID,INT32,INTEGER,OPTIONAL
data/raw/yellow/2024/yellow_tripdata_2024-01.parquet,payment_type,INT64,BIGINT,OPTIONAL
data/raw/yellow/2024/yellow_tripdata_2024-01.parquet,fare_amount,DOUBLE,DOUBLE,OPTIONAL
data/raw/yellow/2024/yellow_tripdata_2024-01.parquet,extra,DOUBLE,DOUBLE,OPTIONAL
data/raw/yellow/2024/yellow_tripdata_2024-01.parquet,mta_tax,DOUBLE,DOUBLE,OPTIONAL
data/raw/yellow/2024/yellow_tripdata_2024-01.parquet,tip_amount,DOUBLE,DOUBLE,OPTIONAL
data/raw/yellow/2024/yellow_tripdata_2024-01.parquet,tolls_amount,DOUBLE,DOUBLE,OPTIONAL
data/raw/yellow/2024/yellow_tripdata_2024-01.parquet,improvement_surcharge,DOUBLE,DOUBLE,OPTIONAL
data/raw/yellow/2024/yellow_tripdata_2024-01.parquet,total_amount,DOUBLE,DOUBLE,OPTIONAL
data/raw/yellow/2024/yellow_tripdata_2024-01.parquet,congestion_surcharge,DOUBLE,DOUBLE,OPTIONAL
data/raw/yellow/2024/yellow_tripdata_2024-01.parquet,Airport_fee,DOUBLE,DOUBLE,OPTIONAL
data/raw/yellow/2024/yellow_tripdata_2024-02.parquet,VendorID,INT32,INTEGER,OPTIONAL
data/raw/yellow/2024/yellow_tripdata_2024-02.parquet,tpep_pickup_datetime,INT64,TIMESTAMP,OPTIONAL
data/raw/yellow/2024/yellow_tripdata_2024-02.parquet,tpep_dropoff_datetime,INT64,TIMESTAMP,OPTIONAL
data/raw/yellow/2024/yellow_tripdata_2024-02.parquet,passenger_count,INT64,BIGINT,OPTIONAL
data/raw/yellow/2024/yellow_tripdata_2024-02.parquet,trip_distance,DOUBLE,DOUBLE,OPTIONAL
data/raw/yellow/2024/yellow_tripdata_2024-02.parquet,RatecodeID,INT64,BIGINT,OPTIONAL
data/raw/yellow/2024/yellow_tripdata_2024-02.parquet,store_and_fwd_flag,BYTE_ARRAY,VARCHAR,OPTIONAL
data/raw/yellow/2024/yellow_tripdata_2024-02.parquet,PULocationID,INT32,INTEGER,OPTIONAL
data/raw/yellow/2024/yellow_tripdata_2024-02.parquet,DOLocationID,INT32,INTEGER,OPTIONAL
data/raw/yellow/2024/yellow_tripdata_2024-02.parquet,payment_type,INT64,BIGINT,OPTIONAL
data/raw/yellow/2024/yellow_tripdata_2024-02.parquet,fare_amount,DOUBLE,DOUBLE,OPTIONAL
data/raw/yellow/2024/yellow_tripdata_2024-02.parquet,extra,DOUBLE,DOUBLE,OPTIONAL
data/raw/yellow/2024/yellow_tripdata_2024-02.parquet,mta_tax,DOUBLE,DOUBLE,OPTIONAL
data/raw/yellow/2024/yellow_tripdata_2024-02.parquet,tip_amount,DOUBLE,DOUBLE,OPTIONAL
data/raw/yellow/2024/yellow_tripdata_2024-02.parquet,tolls_amount,DOUBLE,DOUBLE,OPTIONAL
data/raw/yellow/2024/yellow_tripdata_2024-02.parquet,improvement_surcharge,DOUBLE,DOUBLE,OPTIONAL
data/raw/yellow/2024/yellow_tripdata_2024-02.parquet,total_amount,DOUBLE,DOUBLE,OPTIONAL
data/raw/yellow/2024/yellow_tripdata_2024-02.parquet,congestion_surcharge,DOUBLE,DOUBLE,OPTIONAL
data/raw/yellow/2024/yellow_tripdata_2024-02.parquet,Airport_fee,DOUBLE,DOUBLE,OPTIONAL
data/raw/yellow/2024/yellow_tripdata_2024-03.parquet,VendorID,INT32,INTEGER,OPTIONAL
data/raw/yellow/2024/yellow_tripdata_2024-03.parquet,tpep_pickup_datetime,INT64,TIMESTAMP,OPTIONAL
data/raw/yellow/2024/yellow_tripdata_2024-03.parquet,tpep_dropoff_datetime,INT64,TIMESTAMP,OPTIONAL
data/raw/yellow/2024/yellow_tripdata_2024-03.parquet,passenger_count,INT64,BIGINT,OPTIONAL
data/raw/yellow/2024/yellow_tripdata_2024-03.parquet,trip_distance,DOUBLE,DOUBLE,OPTIONAL
data/raw/yellow/2024/yellow_tripdata_2024-03.parquet,RatecodeID,INT64,BIGINT,OPTIONAL
data/raw/yellow/2024/yellow_tripdata_2024-03.parquet,store_and_fwd_flag,BYTE_ARRAY,VARCHAR,OPTIONAL
data/raw/yellow/2024/yellow_tripdata_2024-03.parquet,PULocationID,INT32,INTEGER,OPTIONAL
data/raw/yellow/2024/yellow_tripdata_2024-03.parquet,DOLocationID,INT32,INTEGER,OPTIONAL
data/raw/yellow/2024/yellow_tripdata_2024-03.parquet,payment_type,INT64,BIGINT,OPTIONAL
data/raw/yellow/2024/yellow_tripdata_2024-03.parquet,fare_amount,DOUBLE,DOUBLE,OPTIONAL
data/raw/yellow/2024/yellow_tripdata_2024-03.parquet,extra,DOUBLE,DOUBLE,OPTIONAL
data/raw/yellow/2024/yellow_tripdata_2024-03.parquet,mta_tax,DOUBLE,DOUBLE,OPTIONAL
data/raw/yellow/2024/yellow_tripdata_2024-03.parquet,tip_amount,DOUBLE,DOUBLE,OPTIONAL
data/raw/yellow/2024/yellow_tripdata_2024-03.parquet,tolls_amount,DOUBLE,DOUBLE,OPTIONAL
data/raw/yellow/2024/yellow_tripdata_2024-03.parquet,improvement_surcharge,DOUBLE,DOUBLE,OPTIONAL
data/raw/yellow/2024/yellow_tripdata_2024-03.parquet,total_amount,DOUBLE,DOUBLE,OPTIONAL
data/raw/yellow/2024/yellow_tripdata_2024-03.parquet,congestion_surcharge,DOUBLE,DOUBLE,OPTIONAL
data/raw/yellow/2024/yellow_tripdata_2024-03.parquet,Airport_fee,DOUBLE,DOUBLE,OPTIONAL
data/raw/yellow/2024/yellow_tripdata_2024-04.parquet,VendorID,INT32,INTEGER,OPTIONAL
data/raw/yellow/2024/yellow_tripdata_2024-04.parquet,tpep_pickup_datetime,INT64,TIMESTAMP,OPTIONAL
data/raw/yellow/2024/yellow_tripdata_2024-04.parquet,tpep_dropoff_datetime,INT64,TIMESTAMP,OPTIONAL
data/raw/yellow/2024/yellow_tripdata_2024-04.parquet,passenger_count,INT64,BIGINT,OPTIONAL
data/raw/yellow/2024/yellow_tripdata_2024-04.parquet,trip_distance,DOUBLE,DOUBLE,OPTIONAL
data/raw/yellow/2024/yellow_tripdata_2024-04.parquet,RatecodeID,INT64,BIGINT,OPTIONAL
data/raw/yellow/2024/yellow_tripdata_2024-04.parquet,store_and_fwd_flag,BYTE_ARRAY,VARCHAR,OPTIONAL
data/raw/yellow/2024/yellow_tripdata_2024-04.parquet,PULocationID,INT32,INTEGER,OPTIONAL
data/raw/yellow/2024/yellow_tripdata_2024-04.parquet,DOLocationID,INT32,INTEGER,OPTIONAL
data/raw/yellow/2024/yellow_tripdata_2024-04.parquet,payment_type,INT64,BIGINT,OPTIONAL
data/raw/yellow/2024/yellow_tripdata_2024-04.parquet,fare_amount,DOUBLE,DOUBLE,OPTIONAL
data/raw/yellow/2024/yellow_tripdata_2024-04.parquet,extra,DOUBLE,DOUBLE,OPTIONAL
data/raw/yellow/2024/yellow_tripdata_2024-04.parquet,mta_tax,DOUBLE,DOUBLE,OPTIONAL
data/raw/yellow/2024/yellow_tripdata_2024-04.parquet,tip_amount,DOUBLE,DOUBLE,OPTIONAL
data/raw/yellow/2024/yellow_tripdata_2024-04.parquet,tolls_amount,DOUBLE,DOUBLE,OPTIONAL
data/raw/yellow/2024/yellow_tripdata_2024-04.parquet,improvement_surcharge,DOUBLE,DOUBLE,OPTIONAL
data/raw/yellow/2024/yellow_tripdata_2024-04.parquet,total_amount,DOUBLE,DOUBLE,OPTIONAL
data/raw/yellow/2024/yellow_tripdata_2024-04.parquet,congestion_surcharge,DOUBLE,DOUBLE,OPTIONAL
data/raw/yellow/2024/yellow_tripdata_2024-04.parquet,Airport_fee,DOUBLE,DOUBLE,OPTIONAL
data/raw/yellow/2024/yellow_tripdata_2024-05.parquet,VendorID,INT32,INTEGER,OPTIONAL
data/raw/yellow/2024/yellow_tripdata_2024-05.parquet,tpep_pickup_datetime,INT64,TIMESTAMP,OPTIONAL
data/raw/yellow/2024/yellow_tripdata_2024-05.parquet,tpep_dropoff_datetime,INT64,TIMESTAMP,OPTIONAL
data/raw/yellow/2024/yellow_tripdata_2024-05.parquet,passenger_count,INT64,BIGINT,OPTIONAL
data/raw/yellow/2024/yellow_tripdata_2024-05.parquet,trip_distance,DOUBLE,DOUBLE,OPTIONAL
data/raw/yellow/2024/yellow_tripdata_2024-05.parquet,RatecodeID,INT64,BIGINT,OPTIONAL
data/raw/yellow/2024/yellow_tripdata_2024-05.parquet,store_and_fwd_flag,BYTE_ARRAY,VARCHAR,OPTIONAL
data/raw/yellow/2024/yellow_tripdata_2024-05.parquet,PULocationID,INT32,INTEGER,OPTIONAL
data/raw/yellow/2024/yellow_tripdata_2024-05.parquet,DOLocationID,INT32,INTEGER,OPTIONAL
data/raw/yellow/2024/yellow_tripdata_2024-05.parquet,payment_type,INT64,BIGINT,OPTIONAL
data/raw/yellow/2024/yellow_tripdata_2024-05.parquet,fare_amount,DOUBLE,DOUBLE,OPTIONAL
data/raw/yellow/2024/yellow_tripdata_2024-05.parquet,extra,DOUBLE,DOUBLE,OPTIONAL
data/raw/yellow/2024/yellow_tripdata_2024-05.parquet,mta_tax,DOUBLE,DOUBLE,OPTIONAL
data/raw/yellow/2024/yellow_tripdata_2024-05.parquet,tip_amount,DOUBLE,DOUBLE,OPTIONAL
data/raw/yellow/2024/yellow_tripdata_2024-05.parquet,tolls_amount,DOUBLE,DOUBLE,OPTIONAL
data/raw/yellow/2024/yellow_tripdata_2024-05.parquet,improvement_surcharge,DOUBLE,DOUBLE,OPTIONAL
data/raw/yellow/2024/yellow_tripdata_2024-05.parquet,total_amount,DOUBLE,DOUBLE,OPTIONAL
data/raw/yellow/2024/yellow_tripdata_2024-05.parquet,congestion_surcharge,DOUBLE,DOUBLE,OPTIONAL
data/raw/yellow/2024/yellow_tripdata_2024-05.parquet,Airport_fee,DOUBLE,DOUBLE,OPTIONAL
data/raw/yellow/2024/yellow_tripdata_2024-06.parquet,VendorID,INT32,INTEGER,OPTIONAL
data/raw/yellow/2024/yellow_tripdata_2024-06.parquet,tpep_pickup_datetime,INT64,TIMESTAMP,OPTIONAL
data/raw/yellow/2024/yellow_tripdata_2024-06.parquet,tpep_dropoff_datetime,INT64,TIMESTAMP,OPTIONAL
data/raw/yellow/2024/yellow_tripdata_2024-06.parquet,passenger_count,INT64,BIGINT,OPTIONAL
data/raw/yellow/2024/yellow_tripdata_2024-06.parquet,trip_distance,DOUBLE,DOUBLE,OPTIONAL
data/raw/yellow/2024/yellow_tripdata_2024-06.parquet,RatecodeID,INT64,BIGINT,OPTIONAL
data/raw/yellow/2024/yellow_tripdata_2024-06.parquet,store_and_fwd_flag,BYTE_ARRAY,VARCHAR,OPTIONAL
data/raw/yellow/2024/yellow_tripdata_2024-06.parquet,PULocationID,INT32,INTEGER,OPTIONAL
data/raw/yellow/2024/yellow_tripdata_2024-06.parquet,DOLocationID,INT32,INTEGER,OPTIONAL
data/raw/yellow/2024/yellow_tripdata_2024-06.parquet,payment_type,INT64,BIGINT,OPTIONAL
data/raw/yellow/2024/yellow_tripdata_2024-06.parquet,fare_amount,DOUBLE,DOUBLE,OPTIONAL
data/raw/yellow/2024/yellow_tripdata_2024-06.parquet,extra,DOUBLE,DOUBLE,OPTIONAL
data/raw/yellow/2024/yellow_tripdata_2024-06.parquet,mta_tax,DOUBLE,DOUBLE,OPTIONAL
data/raw/yellow/2024/yellow_tripdata_2024-06.parquet,tip_amount,DOUBLE,DOUBLE,OPTIONAL
data/raw/yellow/2024/yellow_tripdata_2024-06.parquet,tolls_amount,DOUBLE,DOUBLE,OPTIONAL
data/raw/yellow/2024/yellow_tripdata_2024-06.parquet,improvement_surcharge,DOUBLE,DOUBLE,OPTIONAL
data/raw/yellow/2024/yellow_tripdata_2024-06.parquet,total_amount,DOUBLE,DOUBLE,OPTIONAL
data/raw/yellow/2024/yellow_tripdata_2024-06.parquet,congestion_surcharge,DOUBLE,DOUBLE,OPTIONAL
data/raw/yellow/2024/yellow_tripdata_2024-06.parquet,Airport_fee,DOUBLE,DOUBLE,OPTIONAL
data/raw/yellow/2024/yellow_tripdata_2024-07.parquet,VendorID,INT32,INTEGER,OPTIONAL
data/raw/yellow/2024/yellow_tripdata_2024-07.parquet,tpep_pickup_datetime,INT64,TIMESTAMP,OPTIONAL
data/raw/yellow/2024/yellow_tripdata_2024-07.parquet,tpep_dropoff_datetime,INT64,TIMESTAMP,OPTIONAL
data/raw/yellow/2024/yellow_tripdata_2024-07.parquet,passenger_count,INT64,BIGINT,OPTIONAL
data/raw/yellow/2024/yellow_tripdata_2024-07.parquet,trip_distance,DOUBLE,DOUBLE,OPTIONAL
data/raw/yellow/2024/yellow_tripdata_2024-07.parquet,RatecodeID,INT64,BIGINT,OPTIONAL
data/raw/yellow/2024/yellow_tripdata_2024-07.parquet,store_and_fwd_flag,BYTE_ARRAY,VARCHAR,OPTIONAL
data/raw/yellow/2024/yellow_tripdata_2024-07.parquet,PULocationID,INT32,INTEGER,OPTIONAL
data/raw/yellow/2024/yellow_tripdata_2024-07.parquet,DOLocationID,INT32,INTEGER,OPTIONAL
data/raw/yellow/2024/yellow_tripdata_2024-07.parquet,payment_type,INT64,BIGINT,OPTIONAL
data/raw/yellow/2024/yellow_tripdata_2024-07.parquet,fare_amount,DOUBLE,DOUBLE,OPTIONAL
data/raw/yellow/2024/yellow_tripdata_2024-07.parquet,extra,DOUBLE,DOUBLE,OPTIONAL
data/raw/yellow/2024/yellow_tripdata_2024-07.parquet,mta_tax,DOUBLE,DOUBLE,OPTIONAL
data/raw/yellow/2024/yellow_tripdata_2024-07.parquet,tip_amount,DOUBLE,DOUBLE,OPTIONAL
data/raw/yellow/2024/yellow_tripdata_2024-07.parquet,tolls_amount,DOUBLE,DOUBLE,OPTIONAL
data/raw/yellow/2024/yellow_tripdata_2024-07.parquet,improvement_surcharge,DOUBLE,DOUBLE,OPTIONAL
data/raw/yellow/2024/yellow_tripdata_2024-07.parquet,total_amount,DOUBLE,DOUBLE,OPTIONAL
data/raw/yellow/2024/yellow_tripdata_2024-07.parquet,congestion_surcharge,DOUBLE,DOUBLE,OPTIONAL
data/raw/yellow/2024/yellow_tripdata_2024-07.parquet,Airport_fee,DOUBLE,DOUBLE,OPTIONAL
data/raw/yellow/2024/yellow_tripdata_2024-08.parquet,VendorID,INT32,INTEGER,OPTIONAL
data/raw/yellow/2024/yellow_tripdata_2024-08.parquet,tpep_pickup_datetime,INT64,TIMESTAMP,OPTIONAL
data/raw/yellow/2024/yellow_tripdata_2024-08.parquet,tpep_dropoff_datetime,INT64,TIMESTAMP,OPTIONAL
data/raw/yellow/2024/yellow_tripdata_2024-08.parquet,passenger_count,INT64,BIGINT,OPTIONAL
data/raw/yellow/2024/yellow_tripdata_2024-08.parquet,trip_distance,DOUBLE,DOUBLE,OPTIONAL
data/raw/yellow/2024/yellow_tripdata_2024-08.parquet,RatecodeID,INT64,BIGINT,OPTIONAL
data/raw/yellow/2024/yellow_tripdata_2024-08.parquet,store_and_fwd_flag,BYTE_ARRAY,VARCHAR,OPTIONAL
data/raw/yellow/2024/yellow_tripdata_2024-08.parquet,PULocationID,INT32,INTEGER,OPTIONAL
data/raw/yellow/2024/yellow_tripdata_2024-08.parquet,DOLocationID,INT32,INTEGER,OPTIONAL
data/raw/yellow/2024/yellow_tripdata_2024-08.parquet,payment_type,INT64,BIGINT,OPTIONAL
data/raw/yellow/2024/yellow_tripdata_2024-08.parquet,fare_amount,DOUBLE,DOUBLE,OPTIONAL
data/raw/yellow/2024/yellow_tripdata_2024-08.parquet,extra,DOUBLE,DOUBLE,OPTIONAL
data/raw/yellow/2024/yellow_tripdata_2024-08.parquet,mta_tax,DOUBLE,DOUBLE,OPTIONAL
data/raw/yellow/2024/yellow_tripdata_2024-08.parquet,tip_amount,DOUBLE,DOUBLE,OPTIONAL
data/raw/yellow/2024/yellow_tripdata_2024-08.parquet,tolls_amount,DOUBLE,DOUBLE,OPTIONAL
data/raw/yellow/2024/yellow_tripdata_2024-08.parquet,improvement_surcharge,DOUBLE,DOUBLE,OPTIONAL
data/raw/yellow/2024/yellow_tripdata_2024-08.parquet,total_amount,DOUBLE,DOUBLE,OPTIONAL
data/raw/yellow/2024/yellow_tripdata_2024-08.parquet,congestion_surcharge,DOUBLE,DOUBLE,OPTIONAL
data/raw/yellow/2024/yellow_tripdata_2024-08.parquet,Airport_fee,DOUBLE,DOUBLE,OPTIONAL
data/raw/yellow/2024/yellow_tripdata_2024-09.parquet,VendorID,INT32,INTEGER,OPTIONAL
data/raw/yellow/2024/yellow_tripdata_2024-09.parquet,tpep_pickup_datetime,INT64,TIMESTAMP,OPTIONAL
data/raw/yellow/2024/yellow_tripdata_2024-09.parquet,tpep_dropoff_datetime,INT64,TIMESTAMP,OPTIONAL
data/raw/yellow/2024/yellow_tripdata_2024-09.parquet,passenger_count,INT64,BIGINT,OPTIONAL
data/raw/yellow/2024/yellow_tripdata_2024-09.parquet,trip_distance,DOUBLE,DOUBLE,OPTIONAL
data/raw/yellow/2024/yellow_tripdata_2024-09.parquet,RatecodeID,INT64,BIGINT,OPTIONAL
data/raw/yellow/2024/yellow_tripdata_2024-09.parquet,store_and_fwd_flag,BYTE_ARRAY,VARCHAR,OPTIONAL
data/raw/yellow/2024/yellow_tripdata_2024-09.parquet,PULocationID,INT32,INTEGER,OPTIONAL
data/raw/yellow/2024/yellow_tripdata_2024-09.parquet,DOLocationID,INT32,INTEGER,OPTIONAL
data/raw/yellow/2024/yellow_tripdata_2024-09.parquet,payment_type,INT64,BIGINT,OPTIONAL
data/raw/yellow/2024/yellow_tripdata_2024-09.parquet,fare_amount,DOUBLE,DOUBLE,OPTIONAL
data/raw/yellow/2024/yellow_tripdata_2024-09.parquet,extra,DOUBLE,DOUBLE,OPTIONAL
data/raw/yellow/2024/yellow_tripdata_2024-09.parquet,mta_tax,DOUBLE,DOUBLE,OPTIONAL
data/raw/yellow/2024/yellow_tripdata_2024-09.parquet,tip_amount,DOUBLE,DOUBLE,OPTIONAL
data/raw/yellow/2024/yellow_tripdata_2024-09.parquet,tolls_amount,DOUBLE,DOUBLE,OPTIONAL
data/raw/yellow/2024/yellow_tripdata_2024-09.parquet,improvement_surcharge,DOUBLE,DOUBLE,OPTIONAL
data/raw/yellow/2024/yellow_tripdata_2024-09.parquet,total_amount,DOUBLE,DOUBLE,OPTIONAL
data/raw/yellow/2024/yellow_tripdata_2024-09.parquet,congestion_surcharge,DOUBLE,DOUBLE,OPTIONAL
data/raw/yellow/2024/yellow_tripdata_2024-09.parquet,Airport_fee,DOUBLE,DOUBLE,OPTIONAL
data/raw/yellow/2024/yellow_tripdata_2024-10.parquet,VendorID,INT32,INTEGER,OPTIONAL
data/raw/yellow/2024/yellow_tripdata_2024-10.parquet,tpep_pickup_datetime,INT64,TIMESTAMP,OPTIONAL
data/raw/yellow/2024/yellow_tripdata_2024-10.parquet,tpep_dropoff_datetime,INT64,TIMESTAMP,OPTIONAL
data/raw/yellow/2024/yellow_tripdata_2024-10.parquet,passenger_count,INT64,BIGINT,OPTIONAL
data/raw/yellow/2024/yellow_tripdata_2024-10.parquet,trip_distance,DOUBLE,DOUBLE,OPTIONAL
data/raw/yellow/2024/yellow_tripdata_2024-10.parquet,RatecodeID,INT64,BIGINT,OPTIONAL
data/raw/yellow/2024/yellow_tripdata_2024-10.parquet,store_and_fwd_flag,BYTE_ARRAY,VARCHAR,OPTIONAL
data/raw/yellow/2024/yellow_tripdata_2024-10.parquet,PULocationID,INT32,INTEGER,OPTIONAL
data/raw/yellow/2024/yellow_tripdata_2024-10.parquet,DOLocationID,INT32,INTEGER,OPTIONAL
data/raw/yellow/2024/yellow_tripdata_2024-10.parquet,payment_type,INT64,BIGINT,OPTIONAL
data/raw/yellow/2024/yellow_tripdata_2024-10.parquet,fare_amount,DOUBLE,DOUBLE,OPTIONAL
data/raw/yellow/2024/yellow_tripdata_2024-10.parquet,extra,DOUBLE,DOUBLE,OPTIONAL
data/raw/yellow/2024/yellow_tripdata_2024-10.parquet,mta_tax,DOUBLE,DOUBLE,OPTIONAL
data/raw/yellow/2024/yellow_tripdata_2024-10.parquet,tip_amount,DOUBLE,DOUBLE,OPTIONAL
data/raw/yellow/2024/yellow_tripdata_2024-10.parquet,tolls_amount,DOUBLE,DOUBLE,OPTIONAL
data/raw/yellow/2024/yellow_tripdata_2024-10.parquet,improvement_surcharge,DOUBLE,DOUBLE,OPTIONAL
data/raw/yellow/2024/yellow_tripdata_2024-10.parquet,total_amount,DOUBLE,DOUBLE,OPTIONAL
data/raw/yellow/2024/yellow_tripdata_2024-10.parquet,congestion_surcharge,DOUBLE,DOUBLE,OPTIONAL
data/raw/yellow/2024/yellow_tripdata_2024-10.parquet,Airport_fee,DOUBLE,DOUBLE,OPTIONAL
data/raw/yellow/2024/yellow_tripdata_2024-11.parquet,VendorID,INT32,INTEGER,OPTIONAL
data/raw/yellow/2024/yellow_tripdata_2024-11.parquet,tpep_pickup_datetime,INT64,TIMESTAMP,OPTIONAL
data/raw/yellow/2024/yellow_tripdata_2024-11.parquet,tpep_dropoff_datetime,INT64,TIMESTAMP,OPTIONAL
data/raw/yellow/2024/yellow_tripdata_2024-11.parquet,passenger_count,INT64,BIGINT,OPTIONAL
data/raw/yellow/2024/yellow_tripdata_2024-11.parquet,trip_distance,DOUBLE,DOUBLE,OPTIONAL
data/raw/yellow/2024/yellow_tripdata_2024-11.parquet,RatecodeID,INT64,BIGINT,OPTIONAL
data/raw/yellow/2024/yellow_tripdata_2024-11.parquet,store_and_fwd_flag,BYTE_ARRAY,VARCHAR,OPTIONAL
data/raw/yellow/2024/yellow_tripdata_2024-11.parquet,PULocationID,INT32,INTEGER,OPTIONAL
data/raw/yellow/2024/yellow_tripdata_2024-11.parquet,DOLocationID,INT32,INTEGER,OPTIONAL
data/raw/yellow/2024/yellow_tripdata_2024-11.parquet,payment_type,INT64,BIGINT,OPTIONAL
data/raw/yellow/2024/yellow_tripdata_2024-11.parquet,fare_amount,DOUBLE,DOUBLE,OPTIONAL
data/raw/yellow/2024/yellow_tripdata_2024-11.parquet,extra,DOUBLE,DOUBLE,OPTIONAL
data/raw/yellow/2024/yellow_tripdata_2024-11.parquet,mta_tax,DOUBLE,DOUBLE,OPTIONAL
data/raw/yellow/2024/yellow_tripdata_2024-11.parquet,tip_amount,DOUBLE,DOUBLE,OPTIONAL
data/raw/yellow/2024/yellow_tripdata_2024-11.parquet,tolls_amount,DOUBLE,DOUBLE,OPTIONAL
data/raw/yellow/2024/yellow_tripdata_2024-11.parquet,improvement_surcharge,DOUBLE,DOUBLE,OPTIONAL
data/raw/yellow/2024/yellow_tripdata_2024-11.parquet,total_amount,DOUBLE,DOUBLE,OPTIONAL
data/raw/yellow/2024/yellow_tripdata_2024-11.parquet,congestion_surcharge,DOUBLE,DOUBLE,OPTIONAL
data/raw/yellow/2024/yellow_tripdata_2024-11.parquet,Airport_fee,DOUBLE,DOUBLE,OPTIONAL
data/raw/yellow/2024/yellow_tripdata_2024-12.parquet,VendorID,INT32,INTEGER,OPTIONAL
data/raw/yellow/2024/yellow_tripdata_2024-12.parquet,tpep_pickup_datetime,INT64,TIMESTAMP,OPTIONAL
data/raw/yellow/2024/yellow_tripdata_2024-12.parquet,tpep_dropoff_datetime,INT64,TIMESTAMP,OPTIONAL
data/raw/yellow/2024/yellow_tripdata_2024-12.parquet,passenger_count,INT64,BIGINT,OPTIONAL
data/raw/yellow/2024/yellow_tripdata_2024-12.parquet,trip_distance,DOUBLE,DOUBLE,OPTIONAL
data/raw/yellow/2024/yellow_tripdata_2024-12.parquet,RatecodeID,INT64,BIGINT,OPTIONAL
data/raw/yellow/2024/yellow_tripdata_2024-12.parquet,store_and_fwd_flag,BYTE_ARRAY,VARCHAR,OPTIONAL
data/raw/yellow/2024/yellow_tripdata_2024-12.parquet,PULocationID,INT32,INTEGER,OPTIONAL
data/raw/yellow/2024/yellow_tripdata_2024-12.parquet,DOLocationID,INT32,INTEGER,OPTIONAL
data/raw/yellow/2024/yellow_tripdata_2024-12.parquet,payment_type,INT64,BIGINT,OPTIONAL
data/raw/yellow/2024/yellow_tripdata_2024-12.parquet,fare_amount,DOUBLE,DOUBLE,OPTIONAL
data/raw/yellow/2024/yellow_tripdata_2024-12.parquet,extra,DOUBLE,DOUBLE,OPTIONAL
data/raw/yellow/2024/yellow_tripdata_2024-12.parquet,mta_tax,DOUBLE,DOUBLE,OPTIONAL
data/raw/yellow/2024/yellow_tripdata_2024-12.parquet,tip_amount,DOUBLE,DOUBLE,OPTIONAL
data/raw/yellow/2024/yellow_tripdata_2024-12.parquet,tolls_amount,DOUBLE,DOUBLE,OPTIONAL
data/raw/yellow/2024/yellow_tripdata_2024-12.parquet,improvement_surcharge,DOUBLE,DOUBLE,OPTIONAL
data/raw/yellow/2024/yellow_tripdata_2024-12.parquet,total_amount,DOUBLE,DOUBLE,OPTIONAL
data/raw/yellow/2024/yellow_tripdata_2024-12.parquet,congestion_surcharge,DOUBLE,DOUBLE,OPTIONAL
data/raw/yellow/2024/yellow_tripdata_2024-12.parquet,Airport_fee,DOUBLE,DOUBLE,OPTIONAL
data/raw/yellow/2026/yellow_tripdata_2026-01.parquet,VendorID,INT32,INTEGER,OPTIONAL
data/raw/yellow/2026/yellow_tripdata_2026-01.parquet,tpep_pickup_datetime,INT64,TIMESTAMP,OPTIONAL
data/raw/yellow/2026/yellow_tripdata_2026-01.parquet,tpep_dropoff_datetime,INT64,TIMESTAMP,OPTIONAL
data/raw/yellow/2026/yellow_tripdata_2026-01.parquet,passenger_count,INT64,BIGINT,OPTIONAL
data/raw/yellow/2026/yellow_tripdata_2026-01.parquet,trip_distance,DOUBLE,DOUBLE,OPTIONAL
data/raw/yellow/2026/yellow_tripdata_2026-01.parquet,RatecodeID,INT64,BIGINT,OPTIONAL
data/raw/yellow/2026/yellow_tripdata_2026-01.parquet,store_and_fwd_flag,BYTE_ARRAY,VARCHAR,OPTIONAL
data/raw/yellow/2026/yellow_tripdata_2026-01.parquet,PULocationID,INT32,INTEGER,OPTIONAL
data/raw/yellow/2026/yellow_tripdata_2026-01.parquet,DOLocationID,INT32,INTEGER,OPTIONAL
data/raw/yellow/2026/yellow_tripdata_2026-01.parquet,payment_type,INT64,BIGINT,OPTIONAL
data/raw/yellow/2026/yellow_tripdata_2026-01.parquet,fare_amount,DOUBLE,DOUBLE,OPTIONAL
data/raw/yellow/2026/yellow_tripdata_2026-01.parquet,extra,DOUBLE,DOUBLE,OPTIONAL
data/raw/yellow/2026/yellow_tripdata_2026-01.parquet,mta_tax,DOUBLE,DOUBLE,OPTIONAL
data/raw/yellow/2026/yellow_tripdata_2026-01.parquet,tip_amount,DOUBLE,DOUBLE,OPTIONAL
data/raw/yellow/2026/yellow_tripdata_2026-01.parquet,tolls_amount,DOUBLE,DOUBLE,OPTIONAL
data/raw/yellow/2026/yellow_tripdata_2026-01.parquet,improvement_surcharge,DOUBLE,DOUBLE,OPTIONAL
data/raw/yellow/2026/yellow_tripdata_2026-01.parquet,total_amount,DOUBLE,DOUBLE,OPTIONAL
data/raw/yellow/2026/yellow_tripdata_2026-01.parquet,congestion_surcharge,DOUBLE,DOUBLE,OPTIONAL
data/raw/yellow/2026/yellow_tripdata_2026-01.parquet,Airport_fee,DOUBLE,DOUBLE,OPTIONAL
data/raw/yellow/2026/yellow_tripdata_2026-01.parquet,cbd_congestion_fee,DOUBLE,DOUBLE,OPTIONAL
data/raw/yellow/2026/yellow_tripdata_2026-02.parquet,VendorID,INT32,INTEGER,OPTIONAL
data/raw/yellow/2026/yellow_tripdata_2026-02.parquet,tpep_pickup_datetime,INT64,TIMESTAMP,OPTIONAL
data/raw/yellow/2026/yellow_tripdata_2026-02.parquet,tpep_dropoff_datetime,INT64,TIMESTAMP,OPTIONAL
data/raw/yellow/2026/yellow_tripdata_2026-02.parquet,passenger_count,INT64,BIGINT,OPTIONAL
data/raw/yellow/2026/yellow_tripdata_2026-02.parquet,trip_distance,DOUBLE,DOUBLE,OPTIONAL
data/raw/yellow/2026/yellow_tripdata_2026-02.parquet,RatecodeID,INT64,BIGINT,OPTIONAL
data/raw/yellow/2026/yellow_tripdata_2026-02.parquet,store_and_fwd_flag,BYTE_ARRAY,VARCHAR,OPTIONAL
data/raw/yellow/2026/yellow_tripdata_2026-02.parquet,PULocationID,INT32,INTEGER,OPTIONAL
data/raw/yellow/2026/yellow_tripdata_2026-02.parquet,DOLocationID,INT32,INTEGER,OPTIONAL
data/raw/yellow/2026/yellow_tripdata_2026-02.parquet,payment_type,INT64,BIGINT,OPTIONAL
data/raw/yellow/2026/yellow_tripdata_2026-02.parquet,fare_amount,DOUBLE,DOUBLE,OPTIONAL
data/raw/yellow/2026/yellow_tripdata_2026-02.parquet,extra,DOUBLE,DOUBLE,OPTIONAL
data/raw/yellow/2026/yellow_tripdata_2026-02.parquet,mta_tax,DOUBLE,DOUBLE,OPTIONAL
data/raw/yellow/2026/yellow_tripdata_2026-02.parquet,tip_amount,DOUBLE,DOUBLE,OPTIONAL
data/raw/yellow/2026/yellow_tripdata_2026-02.parquet,tolls_amount,DOUBLE,DOUBLE,OPTIONAL
data/raw/yellow/2026/yellow_tripdata_2026-02.parquet,improvement_surcharge,DOUBLE,DOUBLE,OPTIONAL
data/raw/yellow/2026/yellow_tripdata_2026-02.parquet,total_amount,DOUBLE,DOUBLE,OPTIONAL
data/raw/yellow/2026/yellow_tripdata_2026-02.parquet,congestion_surcharge,DOUBLE,DOUBLE,OPTIONAL
data/raw/yellow/2026/yellow_tripdata_2026-02.parquet,Airport_fee,DOUBLE,DOUBLE,OPTIONAL
data/raw/yellow/2026/yellow_tripdata_2026-02.parquet,cbd_congestion_fee,DOUBLE,DOUBLE,OPTIONAL
data/raw/yellow/2026/yellow_tripdata_2026-03.parquet,VendorID,INT32,INTEGER,OPTIONAL
data/raw/yellow/2026/yellow_tripdata_2026-03.parquet,tpep_pickup_datetime,INT64,TIMESTAMP,OPTIONAL
data/raw/yellow/2026/yellow_tripdata_2026-03.parquet,tpep_dropoff_datetime,INT64,TIMESTAMP,OPTIONAL
data/raw/yellow/2026/yellow_tripdata_2026-03.parquet,passenger_count,INT64,BIGINT,OPTIONAL
data/raw/yellow/2026/yellow_tripdata_2026-03.parquet,trip_distance,DOUBLE,DOUBLE,OPTIONAL
data/raw/yellow/2026/yellow_tripdata_2026-03.parquet,RatecodeID,INT64,BIGINT,OPTIONAL
data/raw/yellow/2026/yellow_tripdata_2026-03.parquet,store_and_fwd_flag,BYTE_ARRAY,VARCHAR,OPTIONAL
data/raw/yellow/2026/yellow_tripdata_2026-03.parquet,PULocationID,INT32,INTEGER,OPTIONAL
data/raw/yellow/2026/yellow_tripdata_2026-03.parquet,DOLocationID,INT32,INTEGER,OPTIONAL
data/raw/yellow/2026/yellow_tripdata_2026-03.parquet,payment_type,INT64,BIGINT,OPTIONAL
data/raw/yellow/2026/yellow_tripdata_2026-03.parquet,fare_amount,DOUBLE,DOUBLE,OPTIONAL
data/raw/yellow/2026/yellow_tripdata_2026-03.parquet,extra,DOUBLE,DOUBLE,OPTIONAL
data/raw/yellow/2026/yellow_tripdata_2026-03.parquet,mta_tax,DOUBLE,DOUBLE,OPTIONAL
data/raw/yellow/2026/yellow_tripdata_2026-03.parquet,tip_amount,DOUBLE,DOUBLE,OPTIONAL
data/raw/yellow/2026/yellow_tripdata_2026-03.parquet,tolls_amount,DOUBLE,DOUBLE,OPTIONAL
data/raw/yellow/2026/yellow_tripdata_2026-03.parquet,improvement_surcharge,DOUBLE,DOUBLE,OPTIONAL
data/raw/yellow/2026/yellow_tripdata_2026-03.parquet,total_amount,DOUBLE,DOUBLE,OPTIONAL
data/raw/yellow/2026/yellow_tripdata_2026-03.parquet,congestion_surcharge,DOUBLE,DOUBLE,OPTIONAL
data/raw/yellow/2026/yellow_tripdata_2026-03.parquet,Airport_fee,DOUBLE,DOUBLE,OPTIONAL
data/raw/yellow/2026/yellow_tripdata_2026-03.parquet,cbd_congestion_fee,DOUBLE,DOUBLE,OPTIONAL
data/raw/yellow/2026/yellow_tripdata_2026-04.parquet,VendorID,INT32,INTEGER,OPTIONAL
data/raw/yellow/2026/yellow_tripdata_2026-04.parquet,tpep_pickup_datetime,INT64,TIMESTAMP,OPTIONAL
data/raw/yellow/2026/yellow_tripdata_2026-04.parquet,tpep_dropoff_datetime,INT64,TIMESTAMP,OPTIONAL
data/raw/yellow/2026/yellow_tripdata_2026-04.parquet,passenger_count,INT64,BIGINT,OPTIONAL
data/raw/yellow/2026/yellow_tripdata_2026-04.parquet,trip_distance,DOUBLE,DOUBLE,OPTIONAL
data/raw/yellow/2026/yellow_tripdata_2026-04.parquet,RatecodeID,INT64,BIGINT,OPTIONAL
data/raw/yellow/2026/yellow_tripdata_2026-04.parquet,store_and_fwd_flag,BYTE_ARRAY,VARCHAR,OPTIONAL
data/raw/yellow/2026/yellow_tripdata_2026-04.parquet,PULocationID,INT32,INTEGER,OPTIONAL
data/raw/yellow/2026/yellow_tripdata_2026-04.parquet,DOLocationID,INT32,INTEGER,OPTIONAL
data/raw/yellow/2026/yellow_tripdata_2026-04.parquet,payment_type,INT64,BIGINT,OPTIONAL
data/raw/yellow/2026/yellow_tripdata_2026-04.parquet,fare_amount,DOUBLE,DOUBLE,OPTIONAL
data/raw/yellow/2026/yellow_tripdata_2026-04.parquet,extra,DOUBLE,DOUBLE,OPTIONAL
data/raw/yellow/2026/yellow_tripdata_2026-04.parquet,mta_tax,DOUBLE,DOUBLE,OPTIONAL
data/raw/yellow/2026/yellow_tripdata_2026-04.parquet,tip_amount,DOUBLE,DOUBLE,OPTIONAL
data/raw/yellow/2026/yellow_tripdata_2026-04.parquet,tolls_amount,DOUBLE,DOUBLE,OPTIONAL
data/raw/yellow/2026/yellow_tripdata_2026-04.parquet,improvement_surcharge,DOUBLE,DOUBLE,OPTIONAL
data/raw/yellow/2026/yellow_tripdata_2026-04.parquet,total_amount,DOUBLE,DOUBLE,OPTIONAL
data/raw/yellow/2026/yellow_tripdata_2026-04.parquet,congestion_surcharge,DOUBLE,DOUBLE,OPTIONAL
data/raw/yellow/2026/yellow_tripdata_2026-04.parquet,Airport_fee,DOUBLE,DOUBLE,OPTIONAL
data/raw/yellow/2026/yellow_tripdata_2026-04.parquet,cbd_congestion_fee,DOUBLE,DOUBLE,OPTIONAL
data/raw/yellow/2026/yellow_tripdata_2026-05.parquet,VendorID,INT32,INTEGER,OPTIONAL
data/raw/yellow/2026/yellow_tripdata_2026-05.parquet,tpep_pickup_datetime,INT64,TIMESTAMP,OPTIONAL
data/raw/yellow/2026/yellow_tripdata_2026-05.parquet,tpep_dropoff_datetime,INT64,TIMESTAMP,OPTIONAL
data/raw/yellow/2026/yellow_tripdata_2026-05.parquet,passenger_count,INT64,BIGINT,OPTIONAL
data/raw/yellow/2026/yellow_tripdata_2026-05.parquet,trip_distance,DOUBLE,DOUBLE,OPTIONAL
data/raw/yellow/2026/yellow_tripdata_2026-05.parquet,RatecodeID,INT64,BIGINT,OPTIONAL
data/raw/yellow/2026/yellow_tripdata_2026-05.parquet,store_and_fwd_flag,BYTE_ARRAY,VARCHAR,OPTIONAL
data/raw/yellow/2026/yellow_tripdata_2026-05.parquet,PULocationID,INT32,INTEGER,OPTIONAL
data/raw/yellow/2026/yellow_tripdata_2026-05.parquet,DOLocationID,INT32,INTEGER,OPTIONAL
data/raw/yellow/2026/yellow_tripdata_2026-05.parquet,payment_type,INT64,BIGINT,OPTIONAL
data/raw/yellow/2026/yellow_tripdata_2026-05.parquet,fare_amount,DOUBLE,DOUBLE,OPTIONAL
data/raw/yellow/2026/yellow_tripdata_2026-05.parquet,extra,DOUBLE,DOUBLE,OPTIONAL
data/raw/yellow/2026/yellow_tripdata_2026-05.parquet,mta_tax,DOUBLE,DOUBLE,OPTIONAL
data/raw/yellow/2026/yellow_tripdata_2026-05.parquet,tip_amount,DOUBLE,DOUBLE,OPTIONAL
data/raw/yellow/2026/yellow_tripdata_2026-05.parquet,tolls_amount,DOUBLE,DOUBLE,OPTIONAL
data/raw/yellow/2026/yellow_tripdata_2026-05.parquet,improvement_surcharge,DOUBLE,DOUBLE,OPTIONAL
data/raw/yellow/2026/yellow_tripdata_2026-05.parquet,total_amount,DOUBLE,DOUBLE,OPTIONAL
data/raw/yellow/2026/yellow_tripdata_2026-05.parquet,congestion_surcharge,DOUBLE,DOUBLE,OPTIONAL
data/raw/yellow/2026/yellow_tripdata_2026-05.parquet,Airport_fee,DOUBLE,DOUBLE,OPTIONAL
data/raw/yellow/2026/yellow_tripdata_2026-05.parquet,cbd_congestion_fee,DOUBLE,DOUBLE,OPTIONAL
data/raw/yellow/2026/yellow_tripdata_2026-06.parquet,VendorID,INT32,INTEGER,OPTIONAL
data/raw/yellow/2026/yellow_tripdata_2026-06.parquet,tpep_pickup_datetime,INT64,TIMESTAMP,OPTIONAL
data/raw/yellow/2026/yellow_tripdata_2026-06.parquet,tpep_dropoff_datetime,INT64,TIMESTAMP,OPTIONAL
data/raw/yellow/2026/yellow_tripdata_2026-06.parquet,passenger_count,INT64,BIGINT,OPTIONAL
data/raw/yellow/2026/yellow_tripdata_2026-06.parquet,trip_distance,DOUBLE,DOUBLE,OPTIONAL
data/raw/yellow/2026/yellow_tripdata_2026-06.parquet,RatecodeID,INT64,BIGINT,OPTIONAL
data/raw/yellow/2026/yellow_tripdata_2026-06.parquet,store_and_fwd_flag,BYTE_ARRAY,VARCHAR,OPTIONAL
data/raw/yellow/2026/yellow_tripdata_2026-06.parquet,PULocationID,INT32,INTEGER,OPTIONAL
data/raw/yellow/2026/yellow_tripdata_2026-06.parquet,DOLocationID,INT32,INTEGER,OPTIONAL
data/raw/yellow/2026/yellow_tripdata_2026-06.parquet,payment_type,INT64,BIGINT,OPTIONAL
data/raw/yellow/2026/yellow_tripdata_2026-06.parquet,fare_amount,DOUBLE,DOUBLE,OPTIONAL
data/raw/yellow/2026/yellow_tripdata_2026-06.parquet,extra,DOUBLE,DOUBLE,OPTIONAL
data/raw/yellow/2026/yellow_tripdata_2026-06.parquet,mta_tax,DOUBLE,DOUBLE,OPTIONAL
data/raw/yellow/2026/yellow_tripdata_2026-06.parquet,tip_amount,DOUBLE,DOUBLE,OPTIONAL
data/raw/yellow/2026/yellow_tripdata_2026-06.parquet,tolls_amount,DOUBLE,DOUBLE,OPTIONAL
data/raw/yellow/2026/yellow_tripdata_2026-06.parquet,improvement_surcharge,DOUBLE,DOUBLE,OPTIONAL
data/raw/yellow/2026/yellow_tripdata_2026-06.parquet,total_amount,DOUBLE,DOUBLE,OPTIONAL
data/raw/yellow/2026/yellow_tripdata_2026-06.parquet,congestion_surcharge,DOUBLE,DOUBLE,OPTIONAL
data/raw/yellow/2026/yellow_tripdata_2026-06.parquet,Airport_fee,DOUBLE,DOUBLE,OPTIONAL
data/raw/yellow/2026/yellow_tripdata_2026-06.parquet,cbd_congestion_fee,DOUBLE,DOUBLE,OPTIONAL
data/raw/yellow/2026/yellow_tripdata_2026-06.parquet,request_source,BYTE_ARRAY,VARCHAR,OPTIONAL
data/raw/yellow/2026/yellow_tripdata_2026-07.parquet,VendorID,INT32,INTEGER,OPTIONAL
data/raw/yellow/2026/yellow_tripdata_2026-07.parquet,tpep_pickup_datetime,INT64,TIMESTAMP,OPTIONAL
data/raw/yellow/2026/yellow_tripdata_2026-07.parquet,tpep_dropoff_datetime,INT64,TIMESTAMP,OPTIONAL
data/raw/yellow/2026/yellow_tripdata_2026-07.parquet,passenger_count,INT64,BIGINT,OPTIONAL
data/raw/yellow/2026/yellow_tripdata_2026-07.parquet,trip_distance,DOUBLE,DOUBLE,OPTIONAL
data/raw/yellow/2026/yellow_tripdata_2026-07.parquet,RatecodeID,INT64,BIGINT,OPTIONAL
data/raw/yellow/2026/yellow_tripdata_2026-07.parquet,store_and_fwd_flag,BYTE_ARRAY,VARCHAR,OPTIONAL
data/raw/yellow/2026/yellow_tripdata_2026-07.parquet,PULocationID,INT32,INTEGER,OPTIONAL
data/raw/yellow/2026/yellow_tripdata_2026-07.parquet,DOLocationID,INT32,INTEGER,OPTIONAL
data/raw/yellow/2026/yellow_tripdata_2026-07.parquet,payment_type,INT64,BIGINT,OPTIONAL
data/raw/yellow/2026/yellow_tripdata_2026-07.parquet,fare_amount,DOUBLE,DOUBLE,OPTIONAL
data/raw/yellow/2026/yellow_tripdata_2026-07.parquet,extra,DOUBLE,DOUBLE,OPTIONAL
data/raw/yellow/2026/yellow_tripdata_2026-07.parquet,mta_tax,DOUBLE,DOUBLE,OPTIONAL
data/raw/yellow/2026/yellow_tripdata_2026-07.parquet,tip_amount,DOUBLE,DOUBLE,OPTIONAL
data/raw/yellow/2026/yellow_tripdata_2026-07.parquet,tolls_amount,DOUBLE,DOUBLE,OPTIONAL
data/raw/yellow/2026/yellow_tripdata_2026-07.parquet,improvement_surcharge,DOUBLE,DOUBLE,OPTIONAL
data/raw/yellow/2026/yellow_tripdata_2026-07.parquet,total_amount,DOUBLE,DOUBLE,OPTIONAL
data/raw/yellow/2026/yellow_tripdata_2026-07.parquet,congestion_surcharge,DOUBLE,DOUBLE,OPTIONAL
data/raw/yellow/2026/yellow_tripdata_2026-07.parquet,Airport_fee,DOUBLE,DOUBLE,OPTIONAL
data/raw/yellow/2026/yellow_tripdata_2026-07.parquet,cbd_congestion_fee,DOUBLE,DOUBLE,OPTIONAL
data/raw/yellow/2026/yellow_tripdata_2026-07.parquet,request_source,BYTE_ARRAY,VARCHAR,OPTIONAL
data/raw/yellow/2026/yellow_tripdata_2026-08.parquet,VendorID,INT32,INTEGER,OPTIONAL
data/raw/yellow/2026/yellow_tripdata_2026-08.parquet,tpep_pickup_datetime,INT64,TIMESTAMP,OPTIONAL
data/raw/yellow/2026/yellow_tripdata_2026-08.parquet,tpep_dropoff_datetime,INT64,TIMESTAMP,OPTIONAL
data/raw/yellow/2026/yellow_tripdata_2026-08.parquet,passenger_count,INT64,BIGINT,OPTIONAL
data/raw/yellow/2026/yellow_tripdata_2026-08.parquet,trip_distance,DOUBLE,DOUBLE,OPTIONAL
data/raw/yellow/2026/yellow_tripdata_2026-08.parquet,RatecodeID,INT64,BIGINT,OPTIONAL
data/raw/yellow/2026/yellow_tripdata_2026-08.parquet,store_and_fwd_flag,BYTE_ARRAY,VARCHAR,OPTIONAL
data/raw/yellow/2026/yellow_tripdata_2026-08.parquet,PULocationID,INT32,INTEGER,OPTIONAL
data/raw/yellow/2026/yellow_tripdata_2026-08.parquet,DOLocationID,INT32,INTEGER,OPTIONAL
data/raw/yellow/2026/yellow_tripdata_2026-08.parquet,payment_type,INT64,BIGINT,OPTIONAL
data/raw/yellow/2026/yellow_tripdata_2026-08.parquet,fare_amount,DOUBLE,DOUBLE,OPTIONAL
data/raw/yellow/2026/yellow_tripdata_2026-08.parquet,extra,DOUBLE,DOUBLE,OPTIONAL
data/raw/yellow/2026/yellow_tripdata_2026-08.parquet,mta_tax,DOUBLE,DOUBLE,OPTIONAL
data/raw/yellow/2026/yellow_tripdata_2026-08.parquet,tip_amount,DOUBLE,DOUBLE,OPTIONAL
data/raw/yellow/2026/yellow_tripdata_2026-08.parquet,tolls_amount,DOUBLE,DOUBLE,OPTIONAL
data/raw/yellow/2026/yellow_tripdata_2026-08.parquet,improvement_surcharge,DOUBLE,DOUBLE,OPTIONAL
data/raw/yellow/2026/yellow_tripdata_2026-08.parquet,total_amount,DOUBLE,DOUBLE,OPTIONAL
data/raw/yellow/2026/yellow_tripdata_2026-08.parquet,congestion_surcharge,DOUBLE,DOUBLE,OPTIONAL
data/raw/yellow/2026/yellow_tripdata_2026-08.parquet,Airport_fee,DOUBLE,DOUBLE,OPTIONAL
data/raw/yellow/2026/yellow_tripdata_2026-08.parquet,cbd_congestion_fee,DOUBLE,DOUBLE,OPTIONAL
data/raw/yellow/2026/yellow_tripdata_2026-08.parquet,request_source,BYTE_ARRAY,VARCHAR,OPTIONAL
