tipo_taxi,mes,columnas,firma_esquema
green,2024-01,20,"DOLocationID:INTEGER, PULocationID:INTEGER, RatecodeID:BIGINT, VendorID:INTEGER, congestion_surcharge:DOUBLE, ehail_fee:DOUBLE, extra:DOUBLE, fare_amount:DOUBLE, improvement_surcharge:DOUBLE, lpep_dropoff_datetime:TIMESTAMP, lpep_pickup_datetime:TIMESTAMP, mta_tax:DOUBLE, passenger_count:BIGINT, payment_type:BIGINT, store_and_fwd_flag:VARCHAR, tip_amount:DOUBLE, tolls_amount:DOUBLE, total_amount:DOUBLE, trip_distance:DOUBLE, trip_type:BIGINT"
green,2024-02,20,"DOLocationID:INTEGER, PULocationID:INTEGER, RatecodeID:BIGINT, VendorID:INTEGER, congestion_surcharge:DOUBLE, ehail_fee:DOUBLE, extra:DOUBLE, fare_amount:DOUBLE, improvement_surcharge:DOUBLE, lpep_dropoff_datetime:TIMESTAMP, lpep_pickup_datetime:TIMESTAMP, mta_tax:DOUBLE, passenger_count:BIGINT, payment_type:BIGINT, store_and_fwd_flag:VARCHAR, tip_amount:DOUBLE, tolls_amount:DOUBLE, total_amount:DOUBLE, trip_distance:DOUBLE, trip_type:BIGINT"
green,2024-03,20,"DOLocationID:INTEGER, PULocationID:INTEGER, RatecodeID:BIGINT, VendorID:INTEGER, congestion_surcharge:DOUBLE, ehail_fee:DOUBLE, extra:DOUBLE, fare_amount:DOUBLE, improvement_surcharge:DOUBLE, lpep_dropoff_datetime:TIMESTAMP, lpep_pickup_datetime:TIMESTAMP, mta_tax:DOUBLE, passenger_count:BIGINT, payment_type:BIGINT, store_and_fwd_flag:VARCHAR, tip_amount:DOUBLE, tolls_amount:DOUBLE, total_amount:DOUBLE, trip_distance:DOUBLE, trip_type:BIGINT"
green,2024-04,20,"DOLocationID:INTEGER, PULocationID:INTEGER, RatecodeID:BIGINT, VendorID:INTEGER, congestion_surcharge:DOUBLE, ehail_fee:DOUBLE, extra:DOUBLE, fare_amount:DOUBLE, improvement_surcharge:DOUBLE, lpep_dropoff_datetime:TIMESTAMP, lpep_pickup_datetime:TIMESTAMP, mta_tax:DOUBLE, passenger_count:BIGINT, payment_type:BIGINT, store_and_fwd_flag:VARCHAR, tip_amount:DOUBLE, tolls_amount:DOUBLE, total_amount:DOUBLE, trip_distance:DOUBLE, trip_type:BIGINT"
green,2024-05,20,"DOLocationID:INTEGER, PULocationID:INTEGER, RatecodeID:BIGINT, VendorID:INTEGER, congestion_surcharge:DOUBLE, ehail_fee:DOUBLE, extra:DOUBLE, fare_amount:DOUBLE, improvement_surcharge:DOUBLE, lpep_dropoff_datetime:TIMESTAMP, lpep_pickup_datetime:TIMESTAMP, mta_tax:DOUBLE, passenger_count:BIGINT, payment_type:BIGINT, store_and_fwd_flag:VARCHAR, tip_amount:DOUBLE, tolls_amount:DOUBLE, total_amount:DOUBLE, trip_distance:DOUBLE, trip_type:BIGINT"
green,2024-06,20,"DOLocationID:INTEGER, PULocationID:INTEGER, RatecodeID:BIGINT, VendorID:INTEGER, congestion_surcharge:DOUBLE, ehail_fee:DOUBLE, extra:DOUBLE, fare_amount:DOUBLE, improvement_surcharge:DOUBLE, lpep_dropoff_datetime:TIMESTAMP, lpep_pickup_datetime:TIMESTAMP, mta_tax:DOUBLE, passenger_count:BIGINT, payment_type:BIGINT, store_and_fwd_flag:VARCHAR, tip_amount:DOUBLE, tolls_amount:DOUBLE, total_amount:DOUBLE, trip_distance:DOUBLE, trip_type:BIGINT"
green,2024-07,20,"DOLocationID:INTEGER, PULocationID:INTEGER, RatecodeID:BIGINT, VendorID:INTEGER, congestion_surcharge:DOUBLE, ehail_fee:DOUBLE, extra:DOUBLE, fare_amount:DOUBLE, improvement_surcharge:DOUBLE, lpep_dropoff_datetime:TIMESTAMP, lpep_pickup_datetime:TIMESTAMP, mta_tax:DOUBLE, passenger_count:BIGINT, payment_type:BIGINT, store_and_fwd_flag:VARCHAR, tip_amount:DOUBLE, tolls_amount:DOUBLE, total_amount:DOUBLE, trip_distance:DOUBLE, trip_type:BIGINT"
green,2024-08,20,"DOLocationID:INTEGER, PULocationID:INTEGER, RatecodeID:BIGINT, VendorID:INTEGER, congestion_surcharge:DOUBLE, ehail_fee:DOUBLE, extra:DOUBLE, fare_amount:DOUBLE, improvement_surcharge:DOUBLE, lpep_dropoff_datetime:TIMESTAMP, lpep_pickup_datetime:TIMESTAMP, mta_tax:DOUBLE, passenger_count:BIGINT, payment_type:BIGINT, store_and_fwd_flag:VARCHAR, tip_amount:DOUBLE, tolls_amount:DOUBLE, total_amount:DOUBLE, trip_distance:DOUBLE, trip_type:BIGINT"
green,2024-09,20,"DOLocationID:INTEGER, PULocationID:INTEGER, RatecodeID:BIGINT, VendorID:INTEGER, congestion_surcharge:DOUBLE, ehail_fee:DOUBLE, extra:DOUBLE, fare_amount:DOUBLE, improvement_surcharge:DOUBLE, lpep_dropoff_datetime:TIMESTAMP, lpep_pickup_datetime:TIMESTAMP, mta_tax:DOUBLE, passenger_count:BIGINT, payment_type:BIGINT, store_and_fwd_flag:VARCHAR, tip_amount:DOUBLE, tolls_amount:DOUBLE, total_amount:DOUBLE, trip_distance:DOUBLE, trip_type:BIGINT"
green,2024-10,20,"DOLocationID:INTEGER, PULocationID:INTEGER, RatecodeID:BIGINT, VendorID:INTEGER, congestion_surcharge:DOUBLE, ehail_fee:DOUBLE, extra:DOUBLE, fare_amount:DOUBLE, improvement_surcharge:DOUBLE, lpep_dropoff_datetime:TIMESTAMP, lpep_pickup_datetime:TIMESTAMP, mta_tax:DOUBLE, passenger_count:BIGINT, payment_type:BIGINT, store_and_fwd_flag:VARCHAR, tip_amount:DOUBLE, tolls_amount:DOUBLE, total_amount:DOUBLE, trip_distance:DOUBLE, trip_type:BIGINT"
green,2024-11,20,"DOLocationID:INTEGER, PULocationID:INTEGER, RatecodeID:BIGINT, VendorID:INTEGER, congestion_surcharge:DOUBLE, ehail_fee:DOUBLE, extra:DOUBLE, fare_amount:DOUBLE, improvement_surcharge:DOUBLE, lpep_dropoff_datetime:TIMESTAMP, lpep_pickup_datetime:TIMESTAMP, mta_tax:DOUBLE, passenger_count:BIGINT, payment_type:BIGINT, store_and_fwd_flag:VARCHAR, tip_amount:DOUBLE, tolls_amount:DOUBLE, total_amount:DOUBLE, trip_distance:DOUBLE, trip_type:BIGINT"
green,2024-12,20,"DOLocationID:INTEGER, PULocationID:INTEGER, RatecodeID:BIGINT, VendorID:INTEGER, congestion_surcharge:DOUBLE, ehail_fee:DOUBLE, extra:DOUBLE, fare_amount:DOUBLE, improvement_surcharge:DOUBLE, lpep_dropoff_datetime:TIMESTAMP, lpep_pickup_datetime:TIMESTAMP, mta_tax:DOUBLE, passenger_count:BIGINT, payment_type:BIGINT, store_and_fwd_flag:VARCHAR, tip_amount:DOUBLE, tolls_amount:DOUBLE, total_amount:DOUBLE, trip_distance:DOUBLE, trip_type:BIGINT"
green,2026-01,21,"DOLocationID:INTEGER, PULocationID:INTEGER, RatecodeID:BIGINT, VendorID:INTEGER, cbd_congestion_fee:DOUBLE, congestion_surcharge:DOUBLE, ehail_fee:DOUBLE, extra:DOUBLE, fare_amount:DOUBLE, improvement_surcharge:DOUBLE, lpep_dropoff_datetime:TIMESTAMP, lpep_pickup_datetime:TIMESTAMP, mta_tax:DOUBLE, passenger_count:BIGINT, payment_type:BIGINT, store_and_fwd_flag:VARCHAR, tip_amount:DOUBLE, tolls_amount:DOUBLE, total_amount:DOUBLE, trip_distance:DOUBLE, trip_type:BIGINT"
green,2026-02,21,"DOLocationID:INTEGER, PULocationID:INTEGER, RatecodeID:BIGINT, VendorID:INTEGER, cbd_congestion_fee:DOUBLE, congestion_surcharge:DOUBLE, ehail_fee:DOUBLE, extra:DOUBLE, fare_amount:DOUBLE, improvement_surcharge:DOUBLE, lpep_dropoff_datetime:TIMESTAMP, lpep_pickup_datetime:TIMESTAMP, mta_tax:DOUBLE, passenger_count:BIGINT, payment_type:BIGINT, store_and_fwd_flag:VARCHAR, tip_amount:DOUBLE, tolls_amount:DOUBLE, total_amount:DOUBLE, trip_distance:DOUBLE, trip_type:BIGINT"
green,2026-03,21,"DOLocationID:INTEGER, PULocationID:INTEGER, RatecodeID:BIGINT, VendorID:INTEGER, cbd_congestion_fee:DOUBLE, congestion_surcharge:DOUBLE, ehail_fee:DOUBLE, extra:DOUBLE, fare_amount:DOUBLE, improvement_surcharge:DOUBLE, lpep_dropoff_datetime:TIMESTAMP, lpep_pickup_datetime:TIMESTAMP, mta_tax:DOUBLE, passenger_count:BIGINT, payment_type:BIGINT, store_and_fwd_flag:VARCHAR, tip_amount:DOUBLE, tolls_amount:DOUBLE, total_amount:DOUBLE, trip_distance:DOUBLE, trip_type:BIGINT"
green,2026-04,21,"DOLocationID:INTEGER, PULocationID:INTEGER, RatecodeID:BIGINT, VendorID:INTEGER, cbd_congestion_fee:DOUBLE, congestion_surcharge:DOUBLE, ehail_fee:DOUBLE, extra:DOUBLE, fare_amount:DOUBLE, improvement_surcharge:DOUBLE, lpep_dropoff_datetime:TIMESTAMP, lpep_pickup_datetime:TIMESTAMP, mta_tax:DOUBLE, passenger_count:BIGINT, payment_type:BIGINT, store_and_fwd_flag:VARCHAR, tip_amount:DOUBLE, tolls_amount:DOUBLE, total_amount:DOUBLE, trip_distance:DOUBLE, trip_type:BIGINT"
green,2026-05,21,"DOLocationID:INTEGER, PULocationID:INTEGER, RatecodeID:BIGINT, VendorID:INTEGER, cbd_congestion_fee:DOUBLE, congestion_surcharge:DOUBLE, ehail_fee:DOUBLE, extra:DOUBLE, fare_amount:DOUBLE, improvement_surcharge:DOUBLE, lpep_dropoff_datetime:TIMESTAMP, lpep_pickup_datetime:TIMESTAMP, mta_tax:DOUBLE, passenger_count:BIGINT, payment_type:BIGINT, store_and_fwd_flag:VARCHAR, tip_amount:DOUBLE, tolls_amount:DOUBLE, total_amount:DOUBLE, trip_distance:DOUBLE, trip_type:BIGINT"
green,2026-06,22,"DOLocationID:INTEGER, PULocationID:INTEGER, RatecodeID:BIGINT, VendorID:INTEGER, cbd_congestion_fee:DOUBLE, congestion_surcharge:DOUBLE, ehail_fee:DOUBLE, extra:DOUBLE, fare_amount:DOUBLE, improvement_surcharge:DOUBLE, lpep_dropoff_datetime:TIMESTAMP, lpep_pickup_datetime:TIMESTAMP, mta_tax:DOUBLE, passenger_count:BIGINT, payment_type:BIGINT, request_source:VARCHAR, store_and_fwd_flag:VARCHAR, tip_amount:DOUBLE, tolls_amount:DOUBLE, total_amount:DOUBLE, trip_distance:DOUBLE, trip_type:BIGINT"
green,2026-07,22,"DOLocationID:INTEGER, PULocationID:INTEGER, RatecodeID:BIGINT, VendorID:INTEGER, cbd_congestion_fee:DOUBLE, congestion_surcharge:DOUBLE, ehail_fee:DOUBLE, extra:DOUBLE, fare_amount:DOUBLE, improvement_surcharge:DOUBLE, lpep_dropoff_datetime:TIMESTAMP, lpep_pickup_datetime:TIMESTAMP, mta_tax:DOUBLE, passenger_count:BIGINT, payment_type:BIGINT, request_source:VARCHAR, store_and_fwd_flag:VARCHAR, tip_amount:DOUBLE, tolls_amount:DOUBLE, total_amount:DOUBLE, trip_distance:DOUBLE, trip_type:BIGINT"
green,2026-08,22,"DOLocationID:INTEGER, PULocationID:INTEGER, RatecodeID:BIGINT, VendorID:INTEGER, cbd_congestion_fee:DOUBLE, congestion_surcharge:DOUBLE, ehail_fee:DOUBLE, extra:DOUBLE, fare_amount:DOUBLE, improvement_surcharge:DOUBLE, lpep_dropoff_datetime:TIMESTAMP, lpep_pickup_datetime:TIMESTAMP, mta_tax:DOUBLE, passenger_count:BIGINT, payment_type:BIGINT, request_source:VARCHAR, store_and_fwd_flag:VARCHAR, tip_amount:DOUBLE, tolls_amount:DOUBLE, total_amount:DOUBLE, trip_distance:DOUBLE, trip_type:BIGINT"
yellow,2024-01,19,"Airport_fee:DOUBLE, DOLocationID:INTEGER, PULocationID:INTEGER, RatecodeID:BIGINT, VendorID:INTEGER, congestion_surcharge:DOUBLE, extra:DOUBLE, fare_amount:DOUBLE, improvement_surcharge:DOUBLE, mta_tax:DOUBLE, passenger_count:BIGINT, payment_type:BIGINT, store_and_fwd_flag:VARCHAR, tip_amount:DOUBLE, tolls_amount:DOUBLE, total_amount:DOUBLE, tpep_dropoff_datetime:TIMESTAMP, tpep_pickup_datetime:TIMESTAMP, trip_distance:DOUBLE"
yellow,2024-02,19,"Airport_fee:DOUBLE, DOLocationID:INTEGER, PULocationID:INTEGER, RatecodeID:BIGINT, VendorID:INTEGER, congestion_surcharge:DOUBLE, extra:DOUBLE, fare_amount:DOUBLE, improvement_surcharge:DOUBLE, mta_tax:DOUBLE, passenger_count:BIGINT, payment_type:BIGINT, store_and_fwd_flag:VARCHAR, tip_amount:DOUBLE, tolls_amount:DOUBLE, total_amount:DOUBLE, tpep_dropoff_datetime:TIMESTAMP, tpep_pickup_datetime:TIMESTAMP, trip_distance:DOUBLE"
yellow,2024-03,19,"Airport_fee:DOUBLE, DOLocationID:INTEGER, PULocationID:INTEGER, RatecodeID:BIGINT, VendorID:INTEGER, congestion_surcharge:DOUBLE, extra:DOUBLE, fare_amount:DOUBLE, improvement_surcharge:DOUBLE, mta_tax:DOUBLE, passenger_count:BIGINT, payment_type:BIGINT, store_and_fwd_flag:VARCHAR, tip_amount:DOUBLE, tolls_amount:DOUBLE, total_amount:DOUBLE, tpep_dropoff_datetime:TIMESTAMP, tpep_pickup_datetime:TIMESTAMP, trip_distance:DOUBLE"
yellow,2024-04,19,"Airport_fee:DOUBLE, DOLocationID:INTEGER, PULocationID:INTEGER, RatecodeID:BIGINT, VendorID:INTEGER, congestion_surcharge:DOUBLE, extra:DOUBLE, fare_amount:DOUBLE, improvement_surcharge:DOUBLE, mta_tax:DOUBLE, passenger_count:BIGINT, payment_type:BIGINT, store_and_fwd_flag:VARCHAR, tip_amount:DOUBLE, tolls_amount:DOUBLE, total_amount:DOUBLE, tpep_dropoff_datetime:TIMESTAMP, tpep_pickup_datetime:TIMESTAMP, trip_distance:DOUBLE"
yellow,2024-05,19,"Airport_fee:DOUBLE, DOLocationID:INTEGER, PULocationID:INTEGER, RatecodeID:BIGINT, VendorID:INTEGER, congestion_surcharge:DOUBLE, extra:DOUBLE, fare_amount:DOUBLE, improvement_surcharge:DOUBLE, mta_tax:DOUBLE, passenger_count:BIGINT, payment_type:BIGINT, store_and_fwd_flag:VARCHAR, tip_amount:DOUBLE, tolls_amount:DOUBLE, total_amount:DOUBLE, tpep_dropoff_datetime:TIMESTAMP, tpep_pickup_datetime:TIMESTAMP, trip_distance:DOUBLE"
yellow,2024-06,19,"Airport_fee:DOUBLE, DOLocationID:INTEGER, PULocationID:INTEGER, RatecodeID:BIGINT, VendorID:INTEGER, congestion_surcharge:DOUBLE, extra:DOUBLE, fare_amount:DOUBLE, improvement_surcharge:DOUBLE, mta_tax:DOUBLE, passenger_count:BIGINT, payment_type:BIGINT, store_and_fwd_flag:VARCHAR, tip_amount:DOUBLE, tolls_amount:DOUBLE, total_amount:DOUBLE, tpep_dropoff_datetime:TIMESTAMP, tpep_pickup_datetime:TIMESTAMP, trip_distance:DOUBLE"
yellow,2024-07,19,"Airport_fee:DOUBLE, DOLocationID:INTEGER, PULocationID:INTEGER, RatecodeID:BIGINT, VendorID:INTEGER, congestion_surcharge:DOUBLE, extra:DOUBLE, fare_amount:DOUBLE, improvement_surcharge:DOUBLE, mta_tax:DOUBLE, passenger_count:BIGINT, payment_type:BIGINT, store_and_fwd_flag:VARCHAR, tip_amount:DOUBLE, tolls_amount:DOUBLE, total_amount:DOUBLE, tpep_dropoff_datetime:TIMESTAMP, tpep_pickup_datetime:TIMESTAMP, trip_distance:DOUBLE"
yellow,2024-08,19,"Airport_fee:DOUBLE, DOLocationID:INTEGER, PULocationID:INTEGER, RatecodeID:BIGINT, VendorID:INTEGER, congestion_surcharge:DOUBLE, extra:DOUBLE, fare_amount:DOUBLE, improvement_surcharge:DOUBLE, mta_tax:DOUBLE, passenger_count:BIGINT, payment_type:BIGINT, store_and_fwd_flag:VARCHAR, tip_amount:DOUBLE, tolls_amount:DOUBLE, total_amount:DOUBLE, tpep_dropoff_datetime:TIMESTAMP, tpep_pickup_datetime:TIMESTAMP, trip_distance:DOUBLE"
yellow,2024-09,19,"Airport_fee:DOUBLE, DOLocationID:INTEGER, PULocationID:INTEGER, RatecodeID:BIGINT, VendorID:INTEGER, congestion_surcharge:DOUBLE, extra:DOUBLE, fare_amount:DOUBLE, improvement_surcharge:DOUBLE, mta_tax:DOUBLE, passenger_count:BIGINT, payment_type:BIGINT, store_and_fwd_flag:VARCHAR, tip_amount:DOUBLE, tolls_amount:DOUBLE, total_amount:DOUBLE, tpep_dropoff_datetime:TIMESTAMP, tpep_pickup_datetime:TIMESTAMP, trip_distance:DOUBLE"
yellow,2024-10,19,"Airport_fee:DOUBLE, DOLocationID:INTEGER, PULocationID:INTEGER, RatecodeID:BIGINT, VendorID:INTEGER, congestion_surcharge:DOUBLE, extra:DOUBLE, fare_amount:DOUBLE, improvement_surcharge:DOUBLE, mta_tax:DOUBLE, passenger_count:BIGINT, payment_type:BIGINT, store_and_fwd_flag:VARCHAR, tip_amount:DOUBLE, tolls_amount:DOUBLE, total_amount:DOUBLE, tpep_dropoff_datetime:TIMESTAMP, tpep_pickup_datetime:TIMESTAMP, trip_distance:DOUBLE"
yellow,2024-11,19,"Airport_fee:DOUBLE, DOLocationID:INTEGER, PULocationID:INTEGER, RatecodeID:BIGINT, VendorID:INTEGER, congestion_surcharge:DOUBLE, extra:DOUBLE, fare_amount:DOUBLE, improvement_surcharge:DOUBLE, mta_tax:DOUBLE, passenger_count:BIGINT, payment_type:BIGINT, store_and_fwd_flag:VARCHAR, tip_amount:DOUBLE, tolls_amount:DOUBLE, total_amount:DOUBLE, tpep_dropoff_datetime:TIMESTAMP, tpep_pickup_datetime:TIMESTAMP, trip_distance:DOUBLE"
yellow,2024-12,19,"Airport_fee:DOUBLE, DOLocationID:INTEGER, PULocationID:INTEGER, RatecodeID:BIGINT, VendorID:INTEGER, congestion_surcharge:DOUBLE, extra:DOUBLE, fare_amount:DOUBLE, improvement_surcharge:DOUBLE, mta_tax:DOUBLE, passenger_count:BIGINT, payment_type:BIGINT, store_and_fwd_flag:VARCHAR, tip_amount:DOUBLE, tolls_amount:DOUBLE, total_amount:DOUBLE, tpep_dropoff_datetime:TIMESTAMP, tpep_pickup_datetime:TIMESTAMP, trip_distance:DOUBLE"
yellow,2026-01,20,"Airport_fee:DOUBLE, DOLocationID:INTEGER, PULocationID:INTEGER, RatecodeID:BIGINT, VendorID:INTEGER, cbd_congestion_fee:DOUBLE, congestion_surcharge:DOUBLE, extra:DOUBLE, fare_amount:DOUBLE, improvement_surcharge:DOUBLE, mta_tax:DOUBLE, passenger_count:BIGINT, payment_type:BIGINT, store_and_fwd_flag:VARCHAR, tip_amount:DOUBLE, tolls_amount:DOUBLE, total_amount:DOUBLE, tpep_dropoff_datetime:TIMESTAMP, tpep_pickup_datetime:TIMESTAMP, trip_distance:DOUBLE"
yellow,2026-02,20,"Airport_fee:DOUBLE, DOLocationID:INTEGER, PULocationID:INTEGER, RatecodeID:BIGINT, VendorID:INTEGER, cbd_congestion_fee:DOUBLE, congestion_surcharge:DOUBLE, extra:DOUBLE, fare_amount:DOUBLE, improvement_surcharge:DOUBLE, mta_tax:DOUBLE, passenger_count:BIGINT, payment_type:BIGINT, store_and_fwd_flag:VARCHAR, tip_amount:DOUBLE, tolls_amount:DOUBLE, total_amount:DOUBLE, tpep_dropoff_datetime:TIMESTAMP, tpep_pickup_datetime:TIMESTAMP, trip_distance:DOUBLE"
yellow,2026-03,20,"Airport_fee:DOUBLE, DOLocationID:INTEGER, PULocationID:INTEGER, RatecodeID:BIGINT, VendorID:INTEGER, cbd_congestion_fee:DOUBLE, congestion_surcharge:DOUBLE, extra:DOUBLE, fare_amount:DOUBLE, improvement_surcharge:DOUBLE, mta_tax:DOUBLE, passenger_count:BIGINT, payment_type:BIGINT, store_and_fwd_flag:VARCHAR, tip_amount:DOUBLE, tolls_amount:DOUBLE, total_amount:DOUBLE, tpep_dropoff_datetime:TIMESTAMP, tpep_pickup_datetime:TIMESTAMP, trip_distance:DOUBLE"
yellow,2026-04,20,"Airport_fee:DOUBLE, DOLocationID:INTEGER, PULocationID:INTEGER, RatecodeID:BIGINT, VendorID:INTEGER, cbd_congestion_fee:DOUBLE, congestion_surcharge:DOUBLE, extra:DOUBLE, fare_amount:DOUBLE, improvement_surcharge:DOUBLE, mta_tax:DOUBLE, passenger_count:BIGINT, payment_type:BIGINT, store_and_fwd_flag:VARCHAR, tip_amount:DOUBLE, tolls_amount:DOUBLE, total_amount:DOUBLE, tpep_dropoff_datetime:TIMESTAMP, tpep_pickup_datetime:TIMESTAMP, trip_distance:DOUBLE"
yellow,2026-05,20,"Airport_fee:DOUBLE, DOLocationID:INTEGER, PULocationID:INTEGER, RatecodeID:BIGINT, VendorID:INTEGER, cbd_congestion_fee:DOUBLE, congestion_surcharge:DOUBLE, extra:DOUBLE, fare_amount:DOUBLE, improvement_surcharge:DOUBLE, mta_tax:DOUBLE, passenger_count:BIGINT, payment_type:BIGINT, store_and_fwd_flag:VARCHAR, tip_amount:DOUBLE, tolls_amount:DOUBLE, total_amount:DOUBLE, tpep_dropoff_datetime:TIMESTAMP, tpep_pickup_datetime:TIMESTAMP, trip_distance:DOUBLE"
yellow,2026-06,21,"Airport_fee:DOUBLE, DOLocationID:INTEGER, PULocationID:INTEGER, RatecodeID:BIGINT, VendorID:INTEGER, cbd_congestion_fee:DOUBLE, congestion_surcharge:DOUBLE, extra:DOUBLE, fare_amount:DOUBLE, improvement_surcharge:DOUBLE, mta_tax:DOUBLE, passenger_count:BIGINT, payment_type:BIGINT, request_source:VARCHAR, store_and_fwd_flag:VARCHAR, tip_amount:DOUBLE, tolls_amount:DOUBLE, total_amount:DOUBLE, tpep_dropoff_datetime:TIMESTAMP, tpep_pickup_datetime:TIMESTAMP, trip_distance:DOUBLE"
yellow,2026-07,21,"Airport_fee:DOUBLE, DOLocationID:INTEGER, PULocationID:INTEGER, RatecodeID:BIGINT, VendorID:INTEGER, cbd_congestion_fee:DOUBLE, congestion_surcharge:DOUBLE, extra:DOUBLE, fare_amount:DOUBLE, improvement_surcharge:DOUBLE, mta_tax:DOUBLE, passenger_count:BIGINT, payment_type:BIGINT, request_source:VARCHAR, store_and_fwd_flag:VARCHAR, tip_amount:DOUBLE, tolls_amount:DOUBLE, total_amount:DOUBLE, tpep_dropoff_datetime:TIMESTAMP, tpep_pickup_datetime:TIMESTAMP, trip_distance:DOUBLE"
yellow,2026-08,21,"Airport_fee:DOUBLE, DOLocationID:INTEGER, PULocationID:INTEGER, RatecodeID:BIGINT, VendorID:INTEGER, cbd_congestion_fee:DOUBLE, congestion_surcharge:DOUBLE, extra:DOUBLE, fare_amount:DOUBLE, improvement_surcharge:DOUBLE, mta_tax:DOUBLE, passenger_count:BIGINT, payment_type:BIGINT, request_source:VARCHAR, store_and_fwd_flag:VARCHAR, tip_amount:DOUBLE, tolls_amount:DOUBLE, total_amount:DOUBLE, tpep_dropoff_datetime:TIMESTAMP, tpep_pickup_datetime:TIMESTAMP, trip_distance:DOUBLE"
