tipo_taxi,archivo,mes_archivo,vendor_id,recogida,llegada,passenger_count,trip_distance,ratecode_id,store_and_fwd_flag,zona_origen,zona_destino,payment_type,fare_amount,extra,mta_tax,tip_amount,tolls_amount,improvement_surcharge,total_amount,congestion_surcharge,airport_fee,cbd_congestion_fee,request_source,ehail_fee,trip_type
yellow,data/raw/yellow/2024/yellow_tripdata_2024-01.parquet,2024-01-01,2,2024-01-01 00:57:55,2024-01-01 01:17:43,1,1.72,1,N,186,79,2,17.7,1.0,0.5,0.0,0.0,1.0,22.7,2.5,0.0,,,,
yellow,data/raw/yellow/2024/yellow_tripdata_2024-01.parquet,2024-01-01,1,2024-01-01 00:03:00,2024-01-01 00:09:36,1,1.8,1,N,140,236,1,10.0,3.5,0.5,3.75,0.0,1.0,18.75,2.5,0.0,,,,
yellow,data/raw/yellow/2024/yellow_tripdata_2024-01.parquet,2024-01-01,1,2024-01-01 00:17:06,2024-01-01 00:35:01,1,4.7,1,N,236,79,1,23.3,3.5,0.5,3.0,0.0,1.0,31.3,2.5,0.0,,,,
yellow,data/raw/yellow/2024/yellow_tripdata_2024-01.parquet,2024-01-01,1,2024-01-01 00:36:38,2024-01-01 00:44:56,1,1.4,1,N,79,211,1,10.0,3.5,0.5,2.0,0.0,1.0,17.0,2.5,0.0,,,,
yellow,data/raw/yellow/2024/yellow_tripdata_2024-01.parquet,2024-01-01,1,2024-01-01 00:46:51,2024-01-01 00:52:57,1,0.8,1,N,211,148,1,7.9,3.5,0.5,3.2,0.0,1.0,16.1,2.5,0.0,,,,
green,data/raw/green/2024/green_tripdata_2024-01.parquet,2024-01-01,2,2024-01-01 00:46:55,2024-01-01 00:58:25,1,1.98,1,N,236,239,1,12.8,1.0,0.5,3.61,0.0,1.0,21.66,2.75,,,,,1
green,data/raw/green/2024/green_tripdata_2024-01.parquet,2024-01-01,2,2024-01-01 00:31:42,2024-01-01 00:52:34,5,6.54,1,N,65,170,1,30.3,1.0,0.5,7.11,0.0,1.0,42.66,2.75,,,,,1
green,data/raw/green/2024/green_tripdata_2024-01.parquet,2024-01-01,2,2024-01-01 00:30:21,2024-01-01 00:49:23,1,3.08,1,N,74,262,1,19.8,1.0,0.5,3.0,0.0,1.0,28.05,2.75,,,,,1
green,data/raw/green/2024/green_tripdata_2024-01.parquet,2024-01-01,1,2024-01-01 00:30:20,2024-01-01 00:42:12,1,2.4,1,N,74,116,2,14.2,1.0,1.5,0.0,0.0,1.0,16.7,0.0,,,,,1
green,data/raw/green/2024/green_tripdata_2024-01.parquet,2024-01-01,2,2024-01-01 00:32:38,2024-01-01 00:43:37,1,5.14,1,N,74,243,1,22.6,1.0,0.5,6.28,0.0,1.0,31.38,0.0,,,,,1
