anio,tipo_taxi,columna,tipo_original,archivos_con_columna
2024,green,DOLocationID,INTEGER,12
2026,green,DOLocationID,INTEGER,8
2024,green,PULocationID,INTEGER,12
2026,green,PULocationID,INTEGER,8
2024,green,RatecodeID,BIGINT,12
2026,green,RatecodeID,BIGINT,8
2024,green,VendorID,INTEGER,12
2026,green,VendorID,INTEGER,8
2026,green,cbd_congestion_fee,DOUBLE,8
2024,green,congestion_surcharge,DOUBLE,12
2026,green,congestion_surcharge,DOUBLE,8
2024,green,ehail_fee,DOUBLE,12
2026,green,ehail_fee,DOUBLE,8
2024,green,extra,DOUBLE,12
2026,green,extra,DOUBLE,8
2024,green,fare_amount,DOUBLE,12
2026,green,fare_amount,DOUBLE,8
2024,green,improvement_surcharge,DOUBLE,12
2026,green,improvement_surcharge,DOUBLE,8
2024,green,lpep_dropoff_datetime,TIMESTAMP,12
2026,green,lpep_dropoff_datetime,TIMESTAMP,8
2024,green,lpep_pickup_datetime,TIMESTAMP,12
2026,green,lpep_pickup_datetime,TIMESTAMP,8
2024,green,mta_tax,DOUBLE,12
2026,green,mta_tax,DOUBLE,8
2024,green,passenger_count,BIGINT,12
2026,green,passenger_count,BIGINT,8
2024,green,payment_type,BIGINT,12
2026,green,payment_type,BIGINT,8
2026,green,request_source,VARCHAR,3
2024,green,store_and_fwd_flag,VARCHAR,12
2026,green,store_and_fwd_flag,VARCHAR,8
2024,green,tip_amount,DOUBLE,12
2026,green,tip_amount,DOUBLE,8
2024,green,tolls_amount,DOUBLE,12
2026,green,tolls_amount,DOUBLE,8
2024,green,total_amount,DOUBLE,12
2026,green,total_amount,DOUBLE,8
2024,green,trip_distance,DOUBLE,12
2026,green,trip_distance,DOUBLE,8
2024,green,trip_type,BIGINT,12
2026,green,trip_type,BIGINT,8
2024,yellow,Airport_fee,DOUBLE,12
2026,yellow,Airport_fee,DOUBLE,8
2024,yellow,DOLocationID,INTEGER,12
2026,yellow,DOLocationID,INTEGER,8
2024,yellow,PULocationID,INTEGER,12
2026,yellow,PULocationID,INTEGER,8
2024,yellow,RatecodeID,BIGINT,12
2026,yellow,RatecodeID,BIGINT,8
2024,yellow,VendorID,INTEGER,12
2026,yellow,VendorID,INTEGER,8
2026,yellow,cbd_congestion_fee,DOUBLE,8
2024,yellow,congestion_surcharge,DOUBLE,12
2026,yellow,congestion_surcharge,DOUBLE,8
2024,yellow,extra,DOUBLE,12
2026,yellow,extra,DOUBLE,8
2024,yellow,fare_amount,DOUBLE,12
2026,yellow,fare_amount,DOUBLE,8
2024,yellow,improvement_surcharge,DOUBLE,12
2026,yellow,improvement_surcharge,DOUBLE,8
2024,yellow,mta_tax,DOUBLE,12
2026,yellow,mta_tax,DOUBLE,8
2024,yellow,passenger_count,BIGINT,12
2026,yellow,passenger_count,BIGINT,8
2024,yellow,payment_type,BIGINT,12
2026,yellow,payment_type,BIGINT,8
2026,yellow,request_source,VARCHAR,3
2024,yellow,store_and_fwd_flag,VARCHAR,12
2026,yellow,store_and_fwd_flag,VARCHAR,8
2024,yellow,tip_amount,DOUBLE,12
2026,yellow,tip_amount,DOUBLE,8
2024,yellow,tolls_amount,DOUBLE,12
2026,yellow,tolls_amount,DOUBLE,8
2024,yellow,total_amount,DOUBLE,12
2026,yellow,total_amount,DOUBLE,8
2024,yellow,tpep_dropoff_datetime,TIMESTAMP,12
2026,yellow,tpep_dropoff_datetime,TIMESTAMP,8
2024,yellow,tpep_pickup_datetime,TIMESTAMP,12
2026,yellow,tpep_pickup_datetime,TIMESTAMP,8
2024,yellow,trip_distance,DOUBLE,12
2026,yellow,trip_distance,DOUBLE,8
