column_name,column_type,null,key,default,extra
tipo_taxi,VARCHAR,YES,,,
archivo,VARCHAR,YES,,,
mes_archivo,DATE,YES,,,
vendor_id,INTEGER,YES,,,
recogida,TIMESTAMP,YES,,,
llegada,TIMESTAMP,YES,,,
passenger_count,BIGINT,YES,,,
trip_distance,DOUBLE,YES,,,
ratecode_id,BIGINT,YES,,,
store_and_fwd_flag,VARCHAR,YES,,,
zona_origen,INTEGER,YES,,,
zona_destino,INTEGER,YES,,,
payment_type,BIGINT,YES,,,
fare_amount,DOUBLE,YES,,,
extra,DOUBLE,YES,,,
mta_tax,DOUBLE,YES,,,
tip_amount,DOUBLE,YES,,,
tolls_amount,DOUBLE,YES,,,
improvement_surcharge,DOUBLE,YES,,,
total_amount,DOUBLE,YES,,,
congestion_surcharge,DOUBLE,YES,,,
airport_fee,DOUBLE,YES,,,
cbd_congestion_fee,DOUBLE,YES,,,
request_source,VARCHAR,YES,,,
ehail_fee,DOUBLE,YES,,,
trip_type,BIGINT,YES,,,
