ejercicio,consulta,estado,filas_resultado,resultado
3,sql/exploracion/01_inventario.sql,OK,40,docs/resultados_ejercicio_5/compatibilidad_ejercicio_3/01_inventario.csv
3,sql/exploracion/02_esquemas.sql,OK,802,docs/resultados_ejercicio_5/compatibilidad_ejercicio_3/02_esquemas.csv
3,sql/exploracion/03_cambios_esquema.sql,OK,40,docs/resultados_ejercicio_5/compatibilidad_ejercicio_3/03_cambios_esquema.csv
3,sql/exploracion/04_muestras.sql,OK,10,docs/resultados_ejercicio_5/compatibilidad_ejercicio_3/04_muestras.csv
3,sql/exploracion/05_nulos.sql,OK,2,docs/resultados_ejercicio_5/compatibilidad_ejercicio_3/05_nulos.csv
3,sql/exploracion/06_calidad.sql,OK,2,docs/resultados_ejercicio_5/compatibilidad_ejercicio_3/06_calidad.csv
3,sql/exploracion/07_distribuciones.sql,OK,2,docs/resultados_ejercicio_5/compatibilidad_ejercicio_3/07_distribuciones.csv
3,sql/exploracion/08_categorias_pago.sql,OK,12,docs/resultados_ejercicio_5/compatibilidad_ejercicio_3/08_categorias_pago.csv
3,sql/exploracion/09_request_source.sql,OK,61,docs/resultados_ejercicio_5/compatibilidad_ejercicio_3/09_request_source.csv
3,sql/exploracion/10_ejemplos_alertas.sql,OK,12,docs/resultados_ejercicio_5/compatibilidad_ejercicio_3/10_ejemplos_alertas.csv
4,sql/eda/01_cobertura.sql,OK,2,docs/resultados_ejercicio_5/compatibilidad_ejercicio_4/01_cobertura.csv
4,sql/eda/02_demanda_mensual.sql,OK,40,docs/resultados_ejercicio_5/compatibilidad_ejercicio_4/02_demanda_mensual.csv
4,sql/eda/03_demanda_horaria.sql,OK,48,docs/resultados_ejercicio_5/compatibilidad_ejercicio_4/03_demanda_horaria.csv
4,sql/eda/04_demanda_semanal.sql,OK,14,docs/resultados_ejercicio_5/compatibilidad_ejercicio_4/04_demanda_semanal.csv
4,sql/eda/05_perfil_viajes.sql,OK,2,docs/resultados_ejercicio_5/compatibilidad_ejercicio_4/05_perfil_viajes.csv
4,sql/eda/06_distribuciones.sql,OK,36,docs/resultados_ejercicio_5/compatibilidad_ejercicio_4/06_distribuciones.csv
4,sql/eda/07_costo_distancia.sql,OK,12,docs/resultados_ejercicio_5/compatibilidad_ejercicio_4/07_costo_distancia.csv
4,sql/eda/08_formas_pago.sql,OK,12,docs/resultados_ejercicio_5/compatibilidad_ejercicio_4/08_formas_pago.csv
4,sql/eda/09_propinas_tarjeta.sql,OK,2,docs/resultados_ejercicio_5/compatibilidad_ejercicio_4/09_propinas_tarjeta.csv
4,sql/eda/10_importes_negativos.sql,OK,12,docs/resultados_ejercicio_5/compatibilidad_ejercicio_4/10_importes_negativos.csv
4,sql/eda/11_sensibilidad.sql,OK,4,docs/resultados_ejercicio_5/compatibilidad_ejercicio_4/11_sensibilidad.csv
