mes,tipo_taxi,viajes,viajes_por_dia,indice_base100
2024-01-01,green,56549,1824.1612903225807,100.0
2024-01-01,yellow,2964606,95632.45161290323,100.0
2024-02-01,green,53571,1847.2758620689656,101.26713420951374
2024-02-01,yellow,3007511,103707.27586206897,108.44360268191247
2024-03-01,green,57447,1853.1290322580646,101.58800332455039
2024-03-01,yellow,3582605,115567.90322580645,120.84590667360182
2024-04-01,green,56467,1882.2333333333333,103.18349278207101
2024-04-01,yellow,3514280,117142.66666666667,122.49258979664303
2024-05-01,green,60994,1967.5483870967741,107.86043961873773
2024-05-01,yellow,3723800,120122.58064516129,125.60859689280801
2024-06-01,green,54735,1824.5,100.01856796760332
2024-06-01,yellow,3539142,117971.4,123.35917150542096
2024-07-01,green,51811,1671.3225806451612,91.62142566623635
2024-07-01,yellow,3076856,99253.41935483871,103.78633788098655
2024-08-01,green,51751,1669.3870967741937,91.5153229942174
2024-08-01,yellow,2979132,96101.03225806452,100.48998079340055
2024-09-01,green,54406,1813.5333333333333,99.41737843875813
2024-09-01,yellow,3632981,121099.36666666667,126.6299928781992
2024-10-01,green,56140,1810.967741935484,99.2767334524041
2024-10-01,yellow,3833731,123668.74193548386,129.31671190033347
2024-11-01,green,52207,1740.2333333333333,95.39909341161353
2024-11-01,yellow,3646319,121543.96666666666,127.0948978267826
2024-12-01,green,53976,1741.1612903225807,95.44996374825372
2024-12-01,yellow,3668337,118333.45161290323,123.7377580697064
