hora,tipo_taxi,viajes,porcentaje
0,green,12221,1.851515179061107
0,yellow,1192016,2.89540021326571
1,green,8496,1.2871674135752529
1,yellow,775045,1.8825799807137844
2,green,6096,0.9235607995709442
2,yellow,504186,1.2246649809445387
3,green,4628,0.7011547540049754
3,yellow,331789,0.8059136298163924
4,green,4048,0.6132831556206008
4,yellow,243814,0.5922228456641235
5,green,3990,0.6044959957821633
5,yellow,264388,0.6421969768735442
6,green,10209,1.5466916343208283
6,yellow,586398,1.4243574702508908
7,green,23470,3.5557696794504694
7,yellow,1133874,2.7541736196631956
8,green,30592,4.634772306508255
8,yellow,1562641,3.7956462704005167
9,green,34117,5.168819520827084
9,yellow,1709193,4.1516202607282615
10,green,34044,5.15775981965112
10,yellow,1831573,4.448880597921266
11,green,34249,5.188817884597321
11,yellow,1991264,4.836769145941272
12,green,35839,5.429707266375176
12,yellow,2178782,5.292249321703308
13,green,36209,5.485763286034173
13,yellow,2266968,5.5064526236783236
14,green,41819,6.335693746269245
14,yellow,2432601,5.908774256545533
15,green,45567,6.903526075139307
15,yellow,2512060,6.101779724211974
16,green,49413,7.486205674081211
16,yellow,2561454,6.221757474623081
17,green,53580,8.117517657646193
17,yellow,2813253,6.833375840735694
18,green,51351,7.779818014889691
18,yellow,2955725,7.179439533827391
19,green,40731,6.170858747920625
19,yellow,2598182,6.310969581702871
20,green,31306,4.742945274174537
20,yellow,2358275,5.728236817240031
21,green,27358,4.14481239413745
21,yellow,2405751,5.843555756352428
22,green,22733,3.4441121483999795
22,yellow,2228338,5.412620569210553
23,green,17988,2.725231571962294
23,yellow,1731730,4.206362507985319
