dia_semana,tipo_taxi,viajes_por_dia,indice_base100
Lunes,green,1772.8301886792453,98.30344927181774
Lunes,yellow,96484.60377358491,85.77596651177473
Martes,green,1867.5849056603774,103.55759914669075
Martes,yellow,111347.81132075471,98.9895357545458
Miércoles,green,1956.8846153846155,108.50926882206143
Miércoles,yellow,117648.75,104.59114558663859
Jueves,green,2020.8846153846155,112.05806937474348
Jueves,yellow,123616.80769230769,109.89682024077312
Viernes,green,1922.4807692307693,106.60157525573084
Viernes,yellow,117381.34615384616,104.3534203698088
Sábado,green,1624.4615384615386,90.0764063359851
Sábado,yellow,119835.82692307692,106.53548312418756
Domingo,green,1458.2115384615386,80.8578424003071
Domingo,yellow,101405.38461538461,90.15059952253442
