intervalo,tipo_taxi,viajes,porcentaje
"(0,1] mi",green,102795,16.482564991445646
"(0,1] mi",yellow,9215010,23.206054912744197
"(1,2] mi",green,215839,34.60849598899399
"(1,2] mi",yellow,12858644,32.381776988568504
"(2,5] mi",green,215994,34.633349314288736
"(2,5] mi",yellow,10820325,27.248701425580528
"(5,10] mi",green,66403,10.647324900306097
"(5,10] mi",yellow,3564259,8.975832915780092
"(10,20] mi",green,20170,3.2341391690010086
"(10,20] mi",yellow,2845785,7.166508010285799
"(20,100] mi",green,2458,0.3941256359645255
"(20,100] mi",yellow,405484,1.0211257470408786
