forma_pago,tipo_taxi,viajes,porcentaje
Flex Fare,yellow,4091232,9.937579701379425
Tarjeta,green,454560,68.86709269241608
Tarjeta,yellow,30451822,73.96730573509873
Efectivo,green,174980,26.50995221603081
Efectivo,yellow,5540011,13.456655809061607
Sin cargo,green,4596,0.6963066658182512
Sin cargo,yellow,291739,0.7086324032713697
Disputa,green,1561,0.2364958018586358
Disputa,yellow,794492,1.929816635211189
Desconocido,green,29,0.0043935799192187305
Desconocido,yellow,4,9.715977682399263e-06
Sin dato,green,24328,3.6857590439570096
