tipo_taxi,hora,viajes,porcentaje_tipo
green,0,17508,1.7559449186115317
green,1,11866,1.1900869547774982
green,2,8555,0.8580139809642252
green,3,6669,0.6688597590941459
green,4,6105,0.612294021482945
green,5,6645,0.6664527064298394
green,6,17020,1.7070015144373012
green,7,37683,3.779373564544114
green,8,48503,4.864553140702258
green,9,52936,5.309155826571856
green,10,52338,5.249180097686221
green,11,52485,5.263923295255098
green,12,55546,5.570922803815178
green,13,55547,5.571023097676191
green,14,63419,6.3605363715686964
green,15,68960,6.916264655440441
green,16,74739,7.495862878233224
green,17,79813,8.004753929012006
green,18,76063,7.6286519502141275
green,19,59280,5.945420080836852
green,20,45557,4.569087426158645
green,21,40051,4.016869427422347
green,22,33759,3.3858204539300147
green,23,26023,2.609947145135246
yellow,0,2125604,2.9991939469787927
yellow,1,1396815,1.9708840842646054
yellow,2,919382,1.2972336001255438
yellow,3,630665,0.8898584358005444
yellow,4,488852,0.6897625142634642
yellow,5,534328,0.7539284378940218
yellow,6,1090874,1.539206125748984
yellow,7,2013872,2.8415418452308496
yellow,8,2745229,3.873475115718
yellow,9,2951025,4.163850047978406
yellow,10,3090255,4.360301396977494
yellow,11,3349320,4.7258380537931854
yellow,12,3648155,5.147489557622406
yellow,13,3804675,5.368336825778243
yellow,14,4099890,5.784880566313801
yellow,15,4236887,5.978181187292241
yellow,16,4335822,6.117776922501784
yellow,17,4811028,6.788285144526208
yellow,18,5046721,7.1208442754580625
yellow,19,4439074,6.2634638770866715
yellow,20,4057528,5.725108447903263
yellow,21,4165093,5.8768809779261515
yellow,22,3861015,5.447831683227131
yellow,23,3030400,4.275846929590146
