tipo_taxi,orden,intervalo_millas,viajes,total_mediano_usd,duracion_mediana_minutos
green,1,"(0, 1]",149123,10.93684502512004,5.063133396341351
green,2,"(1, 2]",320792,15.634995569360207,9.540007456707322
green,3,"(2, 5]",329570,24.685011602240092,16.00144257349886
green,4,"(5, 10]",106560,41.8907760443556,25.589726715125117
green,5,"(10, 20]",37061,64.98026781059552,39.82859098533897
green,6,"(20, 100]",4221,110.58449249779348,60.472553779558645
yellow,1,"(0, 1]",15416656,14.278519480326949,5.8727074071813625
yellow,2,"(1, 2]",21278806,19.053144110993372,10.768565489469522
yellow,3,"(2, 5]",18913613,27.269868972887153,17.867232918386087
yellow,4,"(5, 10]",6933612,43.96167938402591,25.804375745357248
yellow,5,"(10, 20]",4762730,82.03867763531768,41.621577047596766
yellow,6,"(20, 100]",644195,99.86227664316341,52.71959183882025
