tipo_taxi,payment_type,viajes_categoria,totales_negativos,porcentaje_negativo_categoria
green,1,674463,137.0,0.020312455983500947
green,2,240882,98.0,0.04068382029375379
green,3,6282,2051.0,32.64883794969755
green,4,2311,898.0,38.85763738641281
green,5,29,0.0,0.0
green,,73103,10.0,0.013679329165697715
yellow,0,11807920,2647.0,0.02241715729781367
yellow,1,49392714,3762.0,0.007616507973220504
yellow,2,8248018,186635.0,2.2627860414465633
yellow,3,389871,108407.0,27.805863990909813
yellow,4,1033980,469721.0,45.42844155592952
yellow,5,6,0.0,0.0
