tipo_taxi,mes_archivo,viajes
green,2024-01-01,56549
green,2024-02-01,53571
green,2024-03-01,57447
green,2024-04-01,56467
green,2024-05-01,60994
green,2024-06-01,54735
green,2024-07-01,51811
green,2024-08-01,51751
green,2024-09-01,54406
green,2024-10-01,56140
green,2024-11-01,52207
green,2024-12-01,53976
green,2026-01-01,40250
green,2026-02-01,37362
green,2026-03-01,44199
green,2026-04-01,44235
green,2026-05-01,44911
green,2026-06-01,44150
green,2026-07-01,41236
green,2026-08-01,40673
yellow,2024-01-01,2964606
yellow,2024-02-01,3007511
yellow,2024-03-01,3582605
yellow,2024-04-01,3514280
yellow,2024-05-01,3723800
yellow,2024-06-01,3539142
yellow,2024-07-01,3076856
yellow,2024-08-01,2979132
yellow,2024-09-01,3632981
yellow,2024-10-01,3833731
yellow,2024-11-01,3646319
yellow,2024-12-01,3668337
yellow,2026-01-01,3724882
yellow,2026-02-01,3399850
yellow,2026-03-01,3952432
yellow,2026-04-01,3831228
yellow,2026-05-01,4090822
yellow,2026-06-01,3837231
yellow,2026-07-01,3530063
yellow,2026-08-01,3336701
