tipo_taxi,mes_archivo,request_source,registros
green,2026-01-01,,40272
green,2026-02-01,,37373
green,2026-03-01,,44208
green,2026-04-01,,44238
green,2026-05-01,,44921
green,2026-06-01,A,6471
green,2026-06-01,,37692
green,2026-07-01,A,6428
green,2026-07-01,CC,2
green,2026-07-01,,34822
green,2026-08-01,A,5130
green,2026-08-01,CC,1
green,2026-08-01,HV0005,1179
green,2026-08-01,,34377
yellow,2026-01-01,,3724889
yellow,2026-02-01,,3399866
yellow,2026-03-01,,3952451
yellow,2026-04-01,,3831240
yellow,2026-05-01,,4090836
yellow,2026-06-01,A,76711
yellow,2026-06-01,CC,664
yellow,2026-06-01,EH0004,8107
yellow,2026-06-01,HV0003,927698
yellow,2026-06-01,,2824068
yellow,2026-07-01,A,223309
yellow,2026-07-01,CC,642
yellow,2026-07-01,EH0004,6409
yellow,2026-07-01,EH0010,9
yellow,2026-07-01,HV0003,739048
yellow,2026-07-01,,2560692
yellow,2026-08-01,A,103753
yellow,2026-08-01,CC,573
yellow,2026-08-01,EH0004,6253
yellow,2026-08-01,EH0010,263
yellow,2026-08-01,HV0003,628774
yellow,2026-08-01,HV0005,181233
yellow,2026-08-01,,2415867
