nivel,consulta,estrategia,calentamiento,segundos
pequeno,04_caracteristicas,parquet,1,0.1600235840014647
pequeno,04_caracteristicas,duckdb,1,0.0954296249983599
pequeno,02_demanda_mensual,duckdb,1,0.0181652920000487
pequeno,02_demanda_mensual,parquet,1,0.0236141249988577
pequeno,03_formas_pago,parquet,1,0.0731818329950328
pequeno,03_formas_pago,duckdb,1,0.024953166997875
pequeno,05_filtro_fecha_zona,duckdb,1,0.0103990830029943
pequeno,05_filtro_fecha_zona,parquet,1,0.0830440830031875
pequeno,01_conteo,parquet,1,0.008317583000462
pequeno,01_conteo,duckdb,1,0.0036293750017648
mediano,02_demanda_mensual,parquet,1,0.3596749159987666
mediano,02_demanda_mensual,duckdb,1,0.509240833001968
mediano,04_caracteristicas,duckdb,1,0.9512960840002052
mediano,04_caracteristicas,parquet,1,0.7871824579997337
mediano,01_conteo,parquet,1,0.0405866260043694
mediano,01_conteo,duckdb,1,0.0237719590004417
mediano,03_formas_pago,duckdb,1,0.1793270830021356
mediano,03_formas_pago,parquet,1,0.278470458004449
mediano,05_filtro_fecha_zona,parquet,1,0.176773791994492
mediano,05_filtro_fecha_zona,duckdb,1,0.0233870419979211
completo,01_conteo,parquet,1,0.1538176250032847
completo,01_conteo,duckdb,1,0.1961036249995231
completo,02_demanda_mensual,duckdb,1,1.0718936670018593
completo,02_demanda_mensual,parquet,1,1.376676416999544
completo,04_caracteristicas,parquet,1,2.789477250997152
completo,04_caracteristicas,duckdb,1,3.2257750439966912
completo,03_formas_pago,duckdb,1,0.7497982079948997
completo,03_formas_pago,parquet,1,1.282007334004447
completo,05_filtro_fecha_zona,parquet,1,0.5328114580042893
completo,05_filtro_fecha_zona,duckdb,1,0.0695230420024017
