nivel,registros,consulta,duckdb_mediana_s,parquet_mediana_s,razon_parquet_duckdb,menor_mediana
completo,71870407,01_conteo,0.072140959004173,0.1196343759947922,1.658341913473481,duckdb
completo,71870407,02_demanda_mensual,0.2869954999987385,0.4955171259935014,1.72656758031286,duckdb
completo,71870407,03_formas_pago,0.4598436660016887,1.1131740429991623,2.420766284937965,duckdb
completo,71870407,04_caracteristicas,1.1575252510010614,2.4181457919985405,2.0890652622111334,duckdb
completo,71870407,05_filtro_fecha_zona,0.0282414159955806,0.4328314169979421,15.326123062160706,duckdb
mediano,20671900,01_conteo,0.0231229170021833,0.0340793750001466,1.4738354592947238,duckdb
mediano,20671900,02_demanda_mensual,0.0716645829961635,0.1159607919980771,1.6181046083012156,duckdb
mediano,20671900,03_formas_pago,0.1079378750000614,0.2335721670024213,2.1639500221983106,duckdb
mediano,20671900,04_caracteristicas,0.2877541250054491,0.5095642919986858,1.7708322756069486,duckdb
mediano,20671900,05_filtro_fecha_zona,0.0156903749957564,0.1562116249988321,9.955888564873746,duckdb
pequeno,3021175,01_conteo,0.0034888330046669,0.0085059589982847,2.438052777793191,duckdb
pequeno,3021175,02_demanda_mensual,0.0195939999975962,0.0252446250015054,1.2883854753803419,duckdb
pequeno,3021175,03_formas_pago,0.0277337500010617,0.0559060830055386,2.015814053396977,duckdb
pequeno,3021175,04_caracteristicas,0.0469282499980181,0.0971575840012519,2.070343215554706,duckdb
pequeno,3021175,05_filtro_fecha_zona,0.0087341670005116,0.0454032499983441,5.198349195256356,duckdb
