nivel,registros,consulta,estrategia,repeticiones,mediana_s,media_s,minimo_s,maximo_s,desviacion_s
pequeno,3021175,04_caracteristicas,parquet,5,0.0971575840012519,0.10169554999883981,0.0875820000001112,0.1318809579970548,0.01799899252195798
pequeno,3021175,04_caracteristicas,duckdb,5,0.0469282499980181,0.046363383199786716,0.0371593330055475,0.0568835829981253,0.00853032283225116
pequeno,3021175,03_formas_pago,duckdb,5,0.0277337500010617,0.03039776660007188,0.022756999998819,0.0460776670006453,0.009421552758391879
pequeno,3021175,03_formas_pago,parquet,5,0.0559060830055386,0.05795714160049096,0.0515687910010456,0.0702257089942577,0.007142270024423056
pequeno,3021175,01_conteo,parquet,5,0.0085059589982847,0.0084395418001804,0.0076370000024326,0.0094095000022207,0.0006513593394253728
pequeno,3021175,01_conteo,duckdb,5,0.0034888330046669,0.0035024414013605197,0.0033214159993804,0.0036986250051995,0.00018398874488958887
pequeno,3021175,05_filtro_fecha_zona,duckdb,5,0.0087341670005116,0.00967187519854628,0.0081842090003192,0.0140763329982291,0.0024759178025136014
pequeno,3021175,05_filtro_fecha_zona,parquet,5,0.0454032499983441,0.05518633359897647,0.0444614169973647,0.0939817079997737,0.021703758320806902
pequeno,3021175,02_demanda_mensual,parquet,5,0.0252446250015054,0.032410967000760085,0.0232469590046093,0.0624520419951295,0.016862942027169158
pequeno,3021175,02_demanda_mensual,duckdb,5,0.0195939999975962,0.01968829979887226,0.0160895829976652,0.0236066249999566,0.0034481174319746398
mediano,20671900,05_filtro_fecha_zona,parquet,5,0.1562116249988321,0.15959379159903614,0.1308635410023271,0.1933695419938885,0.026725860456519836
mediano,20671900,05_filtro_fecha_zona,duckdb,5,0.0156903749957564,0.014914599999610761,0.0084189999979571,0.0196956670042709,0.004424306267746283
mediano,20671900,01_conteo,duckdb,5,0.0231229170021833,0.02262840840121494,0.0193209170029149,0.0252587080030934,0.0026799957439337177
mediano,20671900,01_conteo,parquet,5,0.0340793750001466,0.03606265839916882,0.0303192079954897,0.0461348750031902,0.006027332737969412
mediano,20671900,02_demanda_mensual,parquet,5,0.1159607919980771,0.12162313359876857,0.1118377499951748,0.151057666997076,0.016550149088743003
mediano,20671900,02_demanda_mensual,duckdb,5,0.0716645829961635,0.0758316084000398,0.0667453339992789,0.097543083000346,0.012332220643794153
mediano,20671900,03_formas_pago,duckdb,5,0.1079378750000614,0.12722818319889478,0.1052116249993559,0.1955745829982333,0.03872904425959906
mediano,20671900,03_formas_pago,parquet,5,0.2335721670024213,0.2477976085996488,0.2084561669980758,0.3420854580035666,0.054692282910985004
mediano,20671900,04_caracteristicas,parquet,5,0.5095642919986858,0.5549828919960419,0.4676623759951326,0.7966944169966155,0.13632561193613338
mediano,20671900,04_caracteristicas,duckdb,5,0.2877541250054491,0.30894790020101937,0.2529060840024613,0.4012532499982626,0.06298049939767894
completo,71870407,04_caracteristicas,parquet,5,2.4181457919985405,2.4421489263972034,2.2823172099961084,2.6594783349937643,0.13660946612465819
completo,71870407,04_caracteristicas,duckdb,5,1.1575252510010614,1.1889544338002451,1.04309920900414,1.3491550420003475,0.13121302416555852
completo,71870407,01_conteo,duckdb,5,0.072140959004173,0.07953760020172917,0.0660794590003206,0.1045067500017467,0.015329379136002614
completo,71870407,01_conteo,parquet,5,0.1196343759947922,0.1315309337995131,0.1052625840020482,0.1696780000056605,0.025532346765906995
completo,71870407,03_formas_pago,parquet,5,1.1131740429991623,1.1134213923985954,0.7691231670032721,1.5782868759997657,0.34071915823876897
completo,71870407,03_formas_pago,duckdb,5,0.4598436660016887,0.5022928416015929,0.3582882920018164,0.7185378330032108,0.1347438101566501
completo,71870407,02_demanda_mensual,duckdb,5,0.2869954999987385,0.27749705040187106,0.2105860000010579,0.3100077920025796,0.04071457904775864
completo,71870407,02_demanda_mensual,parquet,5,0.4955171259935014,0.5445712168002501,0.4189723340023192,0.7084442080013105,0.12195216886216341
completo,71870407,05_filtro_fecha_zona,parquet,5,0.4328314169979421,0.477628125200863,0.422919249998813,0.6743785840008059,0.11012377753932814
completo,71870407,05_filtro_fecha_zona,duckdb,5,0.0282414159955806,0.03200038340000898,0.0229663330028415,0.0412339590038755,0.008626971318102852
