nivel,registros,consulta,estrategia,repeticion,posicion_par,segundos,filas_resultado,equivalencia_ok
pequeno,3021175,04_caracteristicas,parquet,1,1,0.1318809579970548,2,True
pequeno,3021175,04_caracteristicas,duckdb,1,2,0.0568835829981253,2,True
pequeno,3021175,03_formas_pago,duckdb,1,1,0.0315363749978132,11,True
pequeno,3021175,03_formas_pago,parquet,1,2,0.0702257089942577,11,True
pequeno,3021175,01_conteo,parquet,1,1,0.0094095000022207,2,True
pequeno,3021175,01_conteo,duckdb,1,2,0.0036804999981541,2,True
pequeno,3021175,05_filtro_fecha_zona,duckdb,1,1,0.0140763329982291,332,True
pequeno,3021175,05_filtro_fecha_zona,parquet,1,2,0.0939817079997737,332,True
pequeno,3021175,02_demanda_mensual,parquet,1,1,0.0624520419951295,2,True
pequeno,3021175,02_demanda_mensual,duckdb,1,2,0.0236066249999566,2,True
pequeno,3021175,04_caracteristicas,duckdb,2,1,0.0522635000015725,2,True
pequeno,3021175,04_caracteristicas,parquet,2,2,0.1029427079993183,2,True
pequeno,3021175,02_demanda_mensual,parquet,2,1,0.0252446250015054,2,True
pequeno,3021175,02_demanda_mensual,duckdb,2,2,0.0195939999975962,2,True
pequeno,3021175,03_formas_pago,duckdb,2,1,0.0238840410020202,11,True
pequeno,3021175,03_formas_pago,parquet,2,2,0.0559060830055386,11,True
pequeno,3021175,01_conteo,parquet,2,1,0.008523165997758,2,True
pequeno,3021175,01_conteo,duckdb,2,2,0.0034888330046669,2,True
pequeno,3021175,05_filtro_fecha_zona,duckdb,2,1,0.0087341670005116,332,True
pequeno,3021175,05_filtro_fecha_zona,parquet,2,2,0.0468123340033344,332,True
pequeno,3021175,02_demanda_mensual,parquet,3,1,0.0272351250023348,2,True
pequeno,3021175,02_demanda_mensual,duckdb,3,2,0.022675625004922,2,True
pequeno,3021175,03_formas_pago,duckdb,3,1,0.0460776670006453,11,True
pequeno,3021175,03_formas_pago,parquet,3,2,0.0568110829990473,11,True
pequeno,3021175,04_caracteristicas,parquet,3,1,0.0971575840012519,2,True
pequeno,3021175,04_caracteristicas,duckdb,3,2,0.0469282499980181,2,True
pequeno,3021175,05_filtro_fecha_zona,duckdb,3,1,0.0088702089997241,332,True
pequeno,3021175,05_filtro_fecha_zona,parquet,3,2,0.0452729589960654,332,True
pequeno,3021175,01_conteo,parquet,3,1,0.0085059589982847,2,True
pequeno,3021175,01_conteo,duckdb,3,2,0.0036986250051995,2,True
pequeno,3021175,05_filtro_fecha_zona,duckdb,4,1,0.0081842090003192,332,True
pequeno,3021175,05_filtro_fecha_zona,parquet,4,2,0.0454032499983441,332,True
pequeno,3021175,04_caracteristicas,parquet,4,1,0.0889144999964628,2,True
pequeno,3021175,04_caracteristicas,duckdb,4,2,0.0385822499956702,2,True
pequeno,3021175,03_formas_pago,duckdb,4,1,0.0277337500010617,11,True
pequeno,3021175,03_formas_pago,parquet,4,2,0.0552740420025656,11,True
pequeno,3021175,01_conteo,parquet,4,1,0.008122084000206,2,True
pequeno,3021175,01_conteo,duckdb,4,2,0.0033214159993804,2,True
pequeno,3021175,02_demanda_mensual,duckdb,4,1,0.0164756659942213,2,True
pequeno,3021175,02_demanda_mensual,parquet,4,2,0.0232469590046093,2,True
pequeno,3021175,03_formas_pago,parquet,5,1,0.0515687910010456,11,True
pequeno,3021175,03_formas_pago,duckdb,5,2,0.022756999998819,11,True
pequeno,3021175,02_demanda_mensual,duckdb,5,1,0.0160895829976652,2,True
pequeno,3021175,02_demanda_mensual,parquet,5,2,0.0238760840002214,2,True
pequeno,3021175,01_conteo,parquet,5,1,0.0076370000024326,2,True
pequeno,3021175,01_conteo,duckdb,5,2,0.0033228329994017,2,True
pequeno,3021175,04_caracteristicas,duckdb,5,1,0.0371593330055475,2,True
pequeno,3021175,04_caracteristicas,parquet,5,2,0.0875820000001112,2,True
pequeno,3021175,05_filtro_fecha_zona,parquet,5,1,0.0444614169973647,332,True
pequeno,3021175,05_filtro_fecha_zona,duckdb,5,2,0.0084944579939474,332,True
mediano,20671900,05_filtro_fecha_zona,parquet,1,1,0.1562116249988321,332,True
mediano,20671900,05_filtro_fecha_zona,duckdb,1,2,0.0084189999979571,332,True
mediano,20671900,01_conteo,duckdb,1,1,0.0204164579990902,2,True
mediano,20671900,01_conteo,parquet,1,2,0.0363380420021712,2,True
mediano,20671900,02_demanda_mensual,parquet,1,1,0.1132868339991546,12,True
mediano,20671900,02_demanda_mensual,duckdb,1,2,0.0708114170047338,12,True
mediano,20671900,03_formas_pago,duckdb,1,1,0.1079378750000614,12,True
mediano,20671900,03_formas_pago,parquet,1,2,0.2335721670024213,12,True
mediano,20671900,04_caracteristicas,parquet,1,1,0.7966944169966155,2,True
mediano,20671900,04_caracteristicas,duckdb,1,2,0.4012532499982626,2,True
mediano,20671900,05_filtro_fecha_zona,duckdb,2,1,0.0178542079956969,332,True
mediano,20671900,05_filtro_fecha_zona,parquet,2,2,0.1797148749974439,332,True
mediano,20671900,04_caracteristicas,parquet,2,1,0.5125177909940248,2,True
mediano,20671900,04_caracteristicas,duckdb,2,2,0.2877541250054491,2,True
mediano,20671900,01_conteo,duckdb,2,1,0.0252587080030934,2,True
mediano,20671900,01_conteo,parquet,2,2,0.0461348750031902,2,True
mediano,20671900,03_formas_pago,parquet,2,1,0.3420854580035666,12,True
mediano,20671900,03_formas_pago,duckdb,2,2,0.1955745829982333,12,True
mediano,20671900,02_demanda_mensual,duckdb,2,1,0.097543083000346,12,True
mediano,20671900,02_demanda_mensual,parquet,2,2,0.151057666997076,12,True
mediano,20671900,05_filtro_fecha_zona,parquet,3,1,0.1933695419938885,332,True
mediano,20671900,05_filtro_fecha_zona,duckdb,3,2,0.0156903749957564,332,True
mediano,20671900,03_formas_pago,duckdb,3,1,0.1209923749993322,12,True
mediano,20671900,03_formas_pago,parquet,3,2,0.2431783759966492,12,True
mediano,20671900,02_demanda_mensual,parquet,3,1,0.1159726250043604,12,True
mediano,20671900,02_demanda_mensual,duckdb,3,2,0.0667453339992789,12,True
mediano,20671900,01_conteo,duckdb,3,1,0.0231229170021833,2,True
mediano,20671900,01_conteo,parquet,3,2,0.0340793750001466,2,True
mediano,20671900,04_caracteristicas,parquet,3,1,0.5095642919986858,2,True
mediano,20671900,04_caracteristicas,duckdb,3,2,0.3440890420024516,2,True
mediano,20671900,04_caracteristicas,duckdb,4,1,0.2529060840024613,2,True
mediano,20671900,04_caracteristicas,parquet,4,2,0.4884755839957506,2,True
mediano,20671900,02_demanda_mensual,parquet,4,1,0.1118377499951748,12,True
mediano,20671900,02_demanda_mensual,duckdb,4,2,0.0716645829961635,12,True
mediano,20671900,01_conteo,duckdb,4,1,0.0193209170029149,2,True
mediano,20671900,01_conteo,parquet,4,2,0.0303192079954897,2,True
mediano,20671900,03_formas_pago,parquet,4,1,0.2084561669980758,12,True
mediano,20671900,03_formas_pago,duckdb,4,2,0.1052116249993559,12,True
mediano,20671900,05_filtro_fecha_zona,duckdb,4,1,0.0129137500043725,332,True
mediano,20671900,05_filtro_fecha_zona,parquet,4,2,0.1378093750026892,332,True
mediano,20671900,03_formas_pago,parquet,5,1,0.211695874997531,12,True
mediano,20671900,03_formas_pago,duckdb,5,2,0.1064244579974911,12,True
mediano,20671900,04_caracteristicas,duckdb,5,1,0.2587369999964721,2,True
mediano,20671900,04_caracteristicas,parquet,5,2,0.4676623759951326,2,True
mediano,20671900,02_demanda_mensual,parquet,5,1,0.1159607919980771,12,True
mediano,20671900,02_demanda_mensual,duckdb,5,2,0.0723936249996768,12,True
mediano,20671900,01_conteo,duckdb,5,1,0.0250230419987929,2,True
mediano,20671900,01_conteo,parquet,5,2,0.0334417919948464,2,True
mediano,20671900,05_filtro_fecha_zona,parquet,5,1,0.1308635410023271,332,True
mediano,20671900,05_filtro_fecha_zona,duckdb,5,2,0.0196956670042709,332,True
completo,71870407,04_caracteristicas,parquet,1,1,2.6594783349937643,2,True
completo,71870407,04_caracteristicas,duckdb,1,2,1.3491550420003475,2,True
completo,71870407,01_conteo,duckdb,1,1,0.1045067500017467,2,True
completo,71870407,01_conteo,parquet,1,2,0.1696780000056605,2,True
completo,71870407,03_formas_pago,parquet,1,1,1.5782868759997657,12,True
completo,71870407,03_formas_pago,duckdb,1,2,0.7185378330032108,12,True
completo,71870407,02_demanda_mensual,duckdb,1,1,0.2869954999987385,40,True
completo,71870407,02_demanda_mensual,parquet,1,2,0.7084442080013105,40,True
completo,71870407,05_filtro_fecha_zona,parquet,1,1,0.4349282500043046,332,True
completo,71870407,05_filtro_fecha_zona,duckdb,1,2,0.0229663330028415,332,True
completo,71870407,03_formas_pago,duckdb,2,1,0.5253358340050909,12,True
completo,71870407,03_formas_pago,parquet,2,2,1.300727083995298,12,True
completo,71870407,05_filtro_fecha_zona,parquet,2,1,0.4328314169979421,332,True
completo,71870407,05_filtro_fecha_zona,duckdb,2,2,0.0263517499988665,332,True
completo,71870407,04_caracteristicas,duckdb,2,1,1.1575252510010614,2,True
completo,71870407,04_caracteristicas,parquet,2,2,2.444549002000713,2,True
completo,71870407,02_demanda_mensual,parquet,2,1,0.6348007080014213,40,True
completo,71870407,02_demanda_mensual,duckdb,2,2,0.3086080840002978,40,True
completo,71870407,01_conteo,duckdb,2,1,0.0660794590003206,2,True
completo,71870407,01_conteo,parquet,2,2,0.1188739589997567,2,True
completo,71870407,04_caracteristicas,parquet,3,1,2.4062542929968918,2,True
completo,71870407,04_caracteristicas,duckdb,3,2,1.0955264169970178,2,True
completo,71870407,03_formas_pago,duckdb,3,1,0.3582882920018164,12,True
completo,71870407,03_formas_pago,parquet,3,2,1.1131740429991623,12,True
completo,71870407,05_filtro_fecha_zona,parquet,3,1,0.4230831250024494,332,True
completo,71870407,05_filtro_fecha_zona,duckdb,3,2,0.0412084589988808,332,True
completo,71870407,01_conteo,duckdb,3,1,0.072140959004173,2,True
completo,71870407,01_conteo,parquet,3,2,0.1196343759947922,2,True
completo,71870407,02_demanda_mensual,parquet,3,1,0.4651217080026981,40,True
completo,71870407,02_demanda_mensual,duckdb,3,2,0.2712878760066814,40,True
completo,71870407,05_filtro_fecha_zona,duckdb,4,1,0.0282414159955806,332,True
completo,71870407,05_filtro_fecha_zona,parquet,4,2,0.422919249998813,332,True
completo,71870407,02_demanda_mensual,parquet,4,1,0.4189723340023192,40,True
completo,71870407,02_demanda_mensual,duckdb,4,2,0.2105860000010579,40,True
completo,71870407,01_conteo,duckdb,4,1,0.0714718750023166,2,True
completo,71870407,01_conteo,parquet,4,2,0.1052625840020482,2,True
completo,71870407,03_formas_pago,parquet,4,1,0.8057957919954788,12,True
completo,71870407,03_formas_pago,duckdb,4,2,0.4598436660016887,12,True
completo,71870407,04_caracteristicas,duckdb,4,1,1.04309920900414,2,True
completo,71870407,04_caracteristicas,parquet,4,2,2.4181457919985405,2,True
completo,71870407,01_conteo,parquet,5,1,0.144205749995308,2,True
completo,71870407,01_conteo,duckdb,5,2,0.083488958000089,2,True
completo,71870407,04_caracteristicas,duckdb,5,1,1.299466249998659,2,True
completo,71870407,04_caracteristicas,parquet,5,2,2.2823172099961084,2,True
completo,71870407,05_filtro_fecha_zona,parquet,5,1,0.6743785840008059,332,True
completo,71870407,05_filtro_fecha_zona,duckdb,5,2,0.0412339590038755,332,True
completo,71870407,02_demanda_mensual,duckdb,5,1,0.3100077920025796,40,True
completo,71870407,02_demanda_mensual,parquet,5,2,0.4955171259935014,40,True
completo,71870407,03_formas_pago,parquet,5,1,0.7691231670032721,12,True
completo,71870407,03_formas_pago,duckdb,5,2,0.4494585829961579,12,True
