anio,mes,tipo_taxi,viajes,dias_calendario,viajes_por_dia
2024,1,green,56549,31,1824.1612903225807
2024,2,green,53571,29,1847.2758620689656
2024,3,green,57447,31,1853.1290322580646
2024,4,green,56467,30,1882.2333333333333
2024,5,green,60994,31,1967.5483870967741
2024,6,green,54735,30,1824.5
2024,7,green,51811,31,1671.3225806451612
2024,8,green,51751,31,1669.3870967741937
2024,9,green,54406,30,1813.5333333333333
2024,10,green,56140,31,1810.967741935484
2024,11,green,52207,30,1740.2333333333333
2024,12,green,53976,31,1741.1612903225807
2025,1,green,48283,31,1557.516129032258
2025,2,green,46602,28,1664.357142857143
2025,3,green,51528,31,1662.1935483870968
2025,4,green,52120,30,1737.3333333333333
2025,5,green,55389,31,1786.741935483871
2025,6,green,49374,30,1645.8
2025,7,green,48192,31,1554.5806451612902
2025,8,green,46283,31,1493.0
2025,9,green,48860,30,1628.6666666666667
2025,10,green,49395,31,1593.3870967741937
2025,11,green,46891,30,1563.0333333333333
2025,12,green,48210,31,1555.1612903225807
2026,1,green,40250,31,1298.3870967741937
2026,2,green,37362,28,1334.357142857143
2026,3,green,44199,31,1425.774193548387
2026,4,green,44235,30,1474.5
2026,5,green,44911,31,1448.741935483871
2026,6,green,44150,30,1471.6666666666667
2026,7,green,41236,31,1330.1935483870968
2026,8,green,40673,31,1312.032258064516
2024,1,yellow,2964606,31,95632.45161290323
2024,2,yellow,3007511,29,103707.27586206897
2024,3,yellow,3582605,31,115567.90322580645
2024,4,yellow,3514280,30,117142.66666666667
2024,5,yellow,3723800,31,120122.58064516129
2024,6,yellow,3539142,30,117971.4
2024,7,yellow,3076856,31,99253.41935483871
2024,8,yellow,2979132,31,96101.03225806452
2024,9,yellow,3632981,30,121099.36666666667
2024,10,yellow,3833731,31,123668.74193548386
2024,11,yellow,3646319,30,121543.96666666666
2024,12,yellow,3668337,31,118333.45161290323
2025,1,yellow,3475204,31,112103.35483870968
2025,2,yellow,3577512,28,127768.28571428571
2025,3,yellow,4145224,31,133716.90322580645
2025,4,yellow,3970546,30,132351.53333333333
2025,5,yellow,4591821,31,148123.25806451612
2025,6,yellow,4322940,30,144098.0
2025,7,yellow,3898956,31,125772.7741935484
2025,8,yellow,3574074,31,115292.70967741935
2025,9,yellow,4251008,30,141700.26666666666
2025,10,yellow,4428686,31,142860.83870967742
2025,11,yellow,4181420,30,139380.66666666666
2025,12,yellow,4304997,31,138870.87096774194
2026,1,yellow,3724882,31,120157.48387096774
2026,2,yellow,3399850,28,121423.21428571429
2026,3,yellow,3952432,31,127497.80645161291
2026,4,yellow,3831228,30,127707.6
2026,5,yellow,4090822,31,131962.0
2026,6,yellow,3837231,30,127907.7
2026,7,yellow,3530063,31,113873.0
2026,8,yellow,3336701,31,107635.51612903226
