tipo_taxi,zona_origen,viajes,total_medio_usd
green,7,156,22.582692307692305
green,9,1,25.2
green,17,1,55.08
green,18,1,7.3
green,22,1,13.52
green,24,62,23.360000000000007
green,25,50,23.066200000000002
green,28,1,11.0
green,29,1,15.0
green,33,71,25.436901408450716
green,35,1,20.3
green,36,5,21.762
green,37,1,13.1
green,40,7,16.041428571428575
green,41,295,19.6182711864407
green,42,104,21.791923076923084
green,43,502,22.092948207171307
green,47,1,13.6
green,49,3,17.873333333333335
green,52,17,23.453529411764706
green,53,1,20.2
green,54,2,41.75
green,55,7,27.864285714285717
green,61,8,16.5475
green,62,2,15.379999999999999
green,65,294,23.291428571428586
green,66,131,31.55946564885496
green,70,1,18.12
green,74,1993,20.82580531861512
green,75,1263,21.29244655581943
green,76,4,27.525
green,80,30,49.80733333333334
green,82,253,25.79770750988143
green,83,61,29.07918032786886
green,89,5,85.41
green,91,1,90.81
green,92,49,23.693061224489803
green,95,346,20.36202312138729
green,97,333,21.624144144144154
green,98,1,85.2
green,106,2,33.085
green,112,14,31.112142857142853
green,116,50,26.4558
green,119,1,13.2
green,121,2,24.68
green,127,4,23.5375
green,129,95,24.183157894736837
green,130,197,27.890558375634512
green,134,85,17.48376470588235
green,136,1,20.0
green,138,2,55.5
green,145,5,24.672
green,146,15,24.49666666666667
green,147,1,11.64
green,151,2,15.870000000000001
green,152,25,19.4088
green,157,7,35.96714285714285
green,159,3,18.706666666666667
green,166,353,22.16368271954675
green,168,1,12.48
green,169,2,18.5
green,179,22,20.96636363636364
green,181,18,32.681666666666665
green,188,2,42.85
green,189,3,34.78666666666667
green,190,2,22.0
green,191,1,105.75
green,192,1,67.1
green,193,20,27.0485
green,195,10,46.702999999999996
green,196,24,18.89416666666667
green,197,1,76.0
green,200,2,25.27
green,210,29,12.473103448275861
green,216,1,31.5
green,217,1,7.92
green,223,48,20.223958333333336
green,225,2,28.05
green,226,15,26.128000000000004
green,236,54,18.256111111111114
green,238,2,26.725
green,241,1,16.68
green,242,1,14.3
green,243,7,25.964285714285715
green,244,165,36.797333333333334
green,247,6,17.789999999999996
green,248,1,29.0
green,250,1,11.1
green,255,42,26.416666666666668
green,256,5,25.414
green,260,140,22.66707142857143
green,262,2,51.775
green,263,9,36.166666666666664
green,264,10,30.761999999999993
yellow,1,11,115.16454545454545
yellow,3,14,43.99142857142857
yellow,4,524,23.94896946564885
yellow,6,1,115.66
yellow,7,130,29.878846153846155
yellow,8,1,71.0
yellow,9,9,31.66
yellow,10,161,84.07683229813664
yellow,11,11,52.7
yellow,12,112,34.53919642857143
yellow,13,2670,32.114318352059904
yellow,14,53,47.54490566037735
yellow,15,6,47.798333333333325
yellow,16,11,53.405454545454546
yellow,17,54,30.37851851851852
yellow,18,28,43.728571428571435
yellow,19,6,55.56333333333333
yellow,20,18,37.43111111111111
yellow,21,18,35.99333333333333
yellow,22,24,42.02875
yellow,24,1166,22.115643224699834
yellow,25,107,31.430373831775697
yellow,26,25,37.263999999999996
yellow,27,2,75.3
yellow,28,58,64.77120689655175
yellow,29,24,44.370000000000005
yellow,31,1,35.0
yellow,32,17,39.716470588235296
yellow,33,153,30.82006535947713
yellow,34,6,39.056666666666665
yellow,35,78,29.988205128205127
yellow,36,17,34.32647058823529
yellow,37,50,30.197799999999997
yellow,38,21,47.21714285714285
yellow,39,99,39.79929292929293
yellow,40,42,30.976666666666667
yellow,41,751,22.10521970705726
yellow,42,285,30.392210526315793
yellow,43,8816,22.752405852994556
yellow,45,608,29.477499999999992
yellow,46,2,37.5
yellow,47,24,38.038333333333334
yellow,48,13705,23.0469631521343
yellow,49,59,30.59525423728813
yellow,50,2826,23.241521585279546
yellow,51,59,44.02508474576272
yellow,52,63,28.54412698412698
yellow,53,4,30.192500000000003
yellow,54,3,76.62666666666667
yellow,55,54,45.19703703703704
yellow,56,45,50.52977777777778
yellow,57,2,28.95
yellow,58,1,117.12
yellow,60,20,37.738
yellow,61,129,29.893953488372095
yellow,62,46,30.584347826086958
yellow,63,37,37.45351351351352
yellow,64,6,41.3
yellow,65,184,32.70858695652174
yellow,66,74,35.22527027027027
yellow,67,17,42.56705882352941
yellow,68,14767,24.969045845466304
yellow,69,48,32.64062500000001
yellow,70,2491,67.80162585307106
yellow,71,54,28.37166666666667
yellow,72,66,34.982121212121214
yellow,73,7,44.214285714285715
yellow,74,595,24.989579831932776
yellow,75,2422,21.674335260115598
yellow,76,140,33.79757142857144
yellow,77,36,40.16555555555556
yellow,78,36,36.80111111111111
yellow,79,12392,22.409878147191787
yellow,80,53,42.62245283018868
yellow,81,25,40.028
yellow,82,52,47.832499999999996
yellow,83,20,50.7945
yellow,85,30,34.72533333333333
yellow,86,42,54.50285714285714
yellow,87,2060,32.74231067961165
yellow,88,1108,33.87251805054154
yellow,89,85,34.33588235294118
yellow,90,8482,21.88887526526763
yellow,91,65,33.51076923076923
yellow,92,35,34.173428571428566
yellow,93,77,93.64428571428572
yellow,94,14,30.928571428571427
yellow,95,60,31.364500000000003
yellow,96,3,64.24
yellow,97,137,25.981386861313872
yellow,98,12,32.57833333333333
yellow,100,8075,23.996586996904025
yellow,101,9,46.56666666666667
yellow,102,10,35.39
yellow,105,1,18.48
yellow,106,18,33.06611111111111
yellow,107,10800,21.74452962962966
yellow,108,23,42.557391304347824
yellow,112,43,31.83813953488372
yellow,113,7549,22.04512385746453
yellow,114,8416,22.67644843155895
yellow,116,222,30.510090090090088
yellow,117,44,52.73295454545455
yellow,119,28,31.091785714285713
yellow,120,3,67.0
yellow,121,30,31.659000000000002
yellow,122,19,33.095789473684206
yellow,123,15,40.4
yellow,124,14,47.050000000000004
yellow,125,2468,23.638966774716383
yellow,126,11,31.44909090909091
yellow,127,27,41.13740740740741
yellow,128,1,60.0
yellow,129,69,46.98884057971015
yellow,130,107,60.194112149532714
yellow,131,23,28.77652173913044
yellow,132,24797,88.65046053958027
yellow,133,13,34.92307692307692
yellow,134,36,59.59805555555556
yellow,135,21,36.16428571428572
yellow,136,21,38.848571428571425
yellow,137,5330,21.775365853658478
yellow,138,18850,68.63104297082228
yellow,139,22,44.46454545454546
yellow,140,11007,22.809307713273377
yellow,141,13241,20.583117589305992
yellow,142,19045,21.86981990023636
yellow,143,5940,20.696867003366965
yellow,144,4850,23.735439175257724
yellow,145,158,63.69253164556963
yellow,146,156,26.287820512820517
yellow,147,17,37.97882352941176
yellow,148,5151,24.71532906231797
yellow,149,16,35.625
yellow,150,10,50.894000000000005
yellow,151,3950,21.90292151898731
yellow,152,157,26.797643312101915
yellow,153,8,37.595
yellow,154,2,70.75
yellow,155,25,39.888000000000005
yellow,157,34,57.361764705882344
yellow,158,4774,24.732595307917872
yellow,159,34,35.055294117647065
yellow,160,8,60.12
yellow,161,24964,24.77023874379115
yellow,162,18621,24.02982439181579
yellow,163,15133,24.195488006343787
yellow,164,11740,23.556527257240244
yellow,165,32,31.00875
yellow,166,1912,23.596506276150638
yellow,167,37,35.23837837837838
yellow,168,45,29.799111111111113
yellow,169,20,29.661
yellow,170,14598,23.19769625976168
yellow,171,7,40.26
yellow,172,1,100.0
yellow,173,6,36.99
yellow,174,25,43.8784
yellow,175,8,32.8675
yellow,177,45,29.455777777777776
yellow,178,4,36.75
yellow,179,38,28.190263157894737
yellow,180,11,42.54909090909091
yellow,181,104,29.159230769230774
yellow,182,34,38.487647058823526
yellow,183,6,41.98
yellow,185,17,33.64
yellow,186,18803,24.979126203265476
yellow,188,115,30.938782608695654
yellow,189,28,26.299642857142857
yellow,190,3,21.959999999999997
yellow,191,38,45.85736842105263
yellow,192,10,42.205
yellow,193,41,32.51560975609756
yellow,194,18,92.89777777777778
yellow,195,27,48.900740740740744
yellow,196,17,57.15941176470589
yellow,197,61,46.95606557377049
yellow,198,13,56.3423076923077
yellow,200,16,38.35
yellow,201,8,54.86750000000001
yellow,202,18,35.14
yellow,203,28,51.40071428571429
yellow,205,60,39.50966666666667
yellow,207,4,75.2575
yellow,208,16,41.795625
yellow,209,704,30.98700284090909
yellow,210,33,41.84727272727273
yellow,211,3910,23.804634271099722
yellow,212,22,30.015454545454546
yellow,213,46,36.947826086956525
yellow,215,91,64.73824175824176
yellow,216,110,79.79618181818182
yellow,217,15,28.88
yellow,218,49,39.64081632653061
yellow,219,64,85.72437500000001
yellow,220,21,38.04761904761905
yellow,222,54,40.01185185185186
yellow,223,63,58.33730158730159
yellow,224,498,23.202489959839358
yellow,225,77,28.49285714285714
yellow,226,243,45.71292181069959
yellow,227,10,32.994
yellow,228,24,43.73666666666667
yellow,229,9673,21.663127261449382
yellow,230,19148,27.51770263212881
yellow,231,6415,26.334556508183947
yellow,232,598,27.76583612040134
yellow,233,5886,24.898717295276903
yellow,234,14386,21.85863478381765
yellow,235,46,36.92217391304348
yellow,236,24643,20.681098892180525
yellow,237,25249,20.327290981821253
yellow,238,10781,21.594262127817466
yellow,239,16430,21.561710894704895
yellow,240,5,46.812
yellow,241,23,41.25565217391304
yellow,242,33,34.17575757575757
yellow,243,27,31.846666666666668
yellow,244,166,36.009397590361445
yellow,246,12125,25.03753979381449
yellow,247,32,29.628124999999997
yellow,248,16,29.87125
yellow,249,13091,22.520989993125113
yellow,250,17,34.32235294117647
yellow,252,7,42.14
yellow,254,39,39.18410256410257
yellow,255,90,28.66644444444445
yellow,256,71,32.9774647887324
yellow,257,9,38.86
yellow,258,22,35.31545454545455
yellow,259,16,42.14375
yellow,260,71,57.64774647887324
yellow,261,2277,32.84552042160736
yellow,262,7010,22.16808559201137
yellow,263,10657,20.593248569015675
yellow,264,1665,29.63432432432432
yellow,265,71,109.29
